,日期,开盘,收盘,最高,最低,成交量,成交额,振幅,涨跌幅,涨跌额,换手率
0,1996-07-19,15.0,13.78,15.8,13.57,230958,327594000.0,32.09,98.27,6.83,92.38
1,1996-07-26,13.85,16.06,18.07,13.61,190110,304088000.0,32.37,16.55,2.28,76.04
2,1996-08-02,16.07,14.64,16.42,14.47,45307,70087000.0,12.14,-8.84,-1.42,18.12
3,1996-08-09,15.0,15.0,15.6,14.69,28290,42842000.0,6.22,2.46,0.36,11.32
4,1996-08-16,15.18,14.85,15.61,14.6,30497,46636000.0,6.73,-1.0,-0.15,12.2
5,1996-08-23,14.72,13.15,15.39,13.07,38581,54700000.0,15.62,-11.45,-1.7,15.43
6,1996-08-30,13.13,14.14,14.25,12.69,32290,43737000.0,11.86,7.53,0.99,12.92
7,1996-09-06,14.19,14.39,15.31,13.57,65764,94782000.0,12.31,1.77,0.25,26.31
8,1996-09-13,14.27,13.43,14.39,12.8,23352,31700000.0,11.05,-6.67,-0.96,9.34
9,1996-09-20,13.38,13.63,13.69,12.85,20084,26541000.0,6.25,1.49,0.2,8.03
10,1996-09-27,13.75,14.51,15.0,13.75,72361,105600000.0,9.17,6.46,0.88,28.94
11,1996-10-04,14.72,14.15,14.88,13.94,8932,12723000.0,6.48,-2.48,-0.36,3.57
12,1996-10-11,14.0,13.89,14.3,13.69,24687,34610000.0,4.31,-1.84,-0.26,9.87
13,1996-10-18,13.89,14.19,15.55,13.85,48933,71410000.0,12.24,2.16,0.3,19.57
14,1996-10-25,14.3,15.5,16.35,14.0,81870,125585000.0,16.56,9.23,1.31,32.75
15,1996-11-01,15.38,14.39,16.2,13.88,63795,96687000.0,14.97,-7.16,-1.11,25.52
16,1996-11-08,14.27,14.94,15.27,14.1,34652,51410000.0,8.13,3.82,0.55,13.86
17,1996-11-15,15.1,14.84,15.84,14.72,37105,56350000.0,7.5,-0.67,-0.1,14.84
18,1996-11-22,14.85,14.68,15.8,14.38,47785,72831000.0,9.57,-1.08,-0.16,19.11
19,1996-11-29,14.59,15.95,16.28,14.5,51079,79095000.0,12.13,8.65,1.27,20.43
20,1996-12-06,16.1,16.87,17.45,16.1,77665,130743000.0,8.46,5.77,0.92,31.07
21,1996-12-13,17.2,16.6,19.37,16.5,113383,206904000.0,17.01,-1.6,-0.27,45.35
22,1996-12-20,14.93,15.39,16.07,13.44,90637,133698000.0,15.84,-7.29,-1.21,36.25
23,1996-12-27,15.8,16.12,16.5,15.0,43515,68368000.0,9.75,4.74,0.73,17.41
24,1997-01-03,16.45,15.9,17.01,15.78,31953,52382000.0,7.63,-1.36,-0.22,12.78
25,1997-01-10,15.8,16.55,16.6,15.38,22492,36053000.0,7.67,4.09,0.65,9.0
26,1997-01-17,16.71,16.85,17.0,16.0,27321,45218000.0,6.04,1.81,0.3,10.93
27,1997-01-24,16.88,17.43,17.99,16.7,34349,59115000.0,7.66,3.44,0.58,13.74
28,1997-01-31,17.46,17.3,17.6,17.1,21582,37452000.0,2.87,-0.75,-0.13,8.63
29,1997-02-21,17.3,16.89,17.5,14.96,36038,59235000.0,14.68,-2.37,-0.41,14.42
30,1997-02-28,17.05,19.1,19.38,17.02,78811,145042000.0,13.97,13.08,2.21,31.52
31,1997-03-07,19.6,20.4,20.85,19.5,48299,97052000.0,7.07,6.81,1.3,19.32
32,1997-03-14,20.85,24.0,24.6,20.51,75107,169372000.0,20.05,17.65,3.6,30.04
33,1997-03-21,24.3,24.35,26.5,23.52,114147,284074000.0,12.42,1.46,0.35,45.66
34,1997-03-28,24.8,25.35,26.0,24.28,97092,242897000.0,7.06,4.11,1.0,38.84
35,1997-04-04,25.3,27.3,27.9,24.98,59691,155496000.0,11.52,7.69,1.95,23.88
36,1997-04-11,27.7,29.83,31.88,27.64,91801,272033000.0,15.53,9.27,2.53,36.72
37,1997-04-17,29.0,29.48,30.2,28.7,31448,92914000.0,5.03,-1.17,-0.35,12.58
38,1997-04-25,30.88,19.26,32.76,18.2,213586,488112000.0,49.39,-34.67,-10.22,47.46
39,1997-04-30,19.01,18.89,19.2,17.7,68175,126551000.0,7.79,-1.92,-0.37,15.15
40,1997-05-09,19.0,20.84,21.5,18.9,151803,305126000.0,13.76,10.32,1.95,33.73
41,1997-05-16,21.36,17.82,21.6,17.55,87230,172992000.0,19.43,-14.49,-3.02,19.38
42,1997-05-23,18.0,17.12,18.6,16.2,43275,75534000.0,13.47,-3.93,-0.7,9.62
43,1997-05-30,17.21,17.29,17.5,16.6,21359,36632000.0,5.26,0.99,0.17,4.75
44,1997-06-06,17.4,17.45,18.9,16.89,45526,81749000.0,11.63,0.93,0.16,10.12
45,1997-06-13,17.0,16.6,17.53,15.18,22444,36915000.0,13.47,-4.87,-0.85,4.99
46,1997-06-20,17.08,17.32,17.39,16.6,16064,27360000.0,4.76,4.34,0.72,3.57
47,1997-06-27,17.47,17.0,18.1,16.8,22658,39734000.0,7.51,-1.85,-0.32,5.04
48,1997-07-04,16.9,15.6,17.0,15.0,10935,17315000.0,11.76,-8.24,-1.4,2.43
49,1997-07-11,15.55,14.95,15.6,13.35,15014,21736000.0,14.42,-4.17,-0.65,3.34
50,1997-07-18,15.3,16.9,18.34,14.94,43057,73090000.0,22.74,13.04,1.95,9.57
51,1997-07-25,16.8,15.75,17.0,15.6,14239,22975000.0,8.28,-6.8,-1.15,3.16
52,1997-08-01,15.69,15.69,15.95,14.8,8429,13049000.0,7.3,-0.38,-0.06,1.87
53,1997-08-08,15.5,15.67,15.98,15.31,6627,10398000.0,4.27,-0.13,-0.02,1.47
54,1997-08-15,15.65,14.75,15.66,14.3,8351,12473000.0,8.68,-5.87,-0.92,1.86
55,1997-08-22,14.84,13.65,15.0,12.78,14365,19314000.0,15.05,-7.46,-1.1,3.19
56,1997-08-29,13.65,13.8,13.85,13.05,14731,19862000.0,5.86,1.1,0.15,3.27
57,1997-09-05,13.8,14.22,14.35,13.4,11595,16092000.0,6.88,3.04,0.42,2.58
58,1997-09-12,14.26,13.58,14.26,13.54,7113,9823000.0,5.06,-4.5,-0.64,1.58
59,1997-09-19,13.58,13.22,13.58,13.0,4448,5871000.0,4.27,-2.65,-0.36,0.99
60,1997-09-26,13.2,12.0,13.2,11.4,7628,9231000.0,13.62,-9.23,-1.22,1.7
61,1997-09-30,12.1,11.82,12.18,11.11,1388,1636000.0,8.92,-1.5,-0.18,0.31
62,1997-10-10,11.72,12.1,12.22,11.72,3169,3797000.0,4.23,2.37,0.28,0.7
63,1997-10-17,12.5,13.3,13.55,11.9,6696,8449000.0,13.64,9.92,1.2,1.49
64,1997-10-24,13.51,13.3,13.97,12.8,11701,15662000.0,8.8,0.0,0.0,2.6
65,1997-10-31,13.45,14.09,15.26,13.45,44553,64767000.0,13.61,5.94,0.79,9.9
66,1997-11-07,14.15,14.13,14.4,13.8,6785,9509298.0,4.26,0.28,0.04,1.51
67,1997-11-14,14.12,13.88,14.58,13.49,7225,10073000.0,7.71,-1.77,-0.25,1.61
68,1997-11-21,14.01,13.4,14.09,13.4,4890,6668000.0,4.97,-3.46,-0.48,1.09
69,1997-11-28,13.2,12.95,13.32,12.5,4405,5689000.0,6.12,-3.36,-0.45,0.98
70,1997-12-05,13.0,12.9,13.13,12.5,3610,4633000.0,4.86,-0.39,-0.05,0.8
71,1997-12-12,12.8,13.18,13.38,12.75,4164,5454000.0,4.88,2.17,0.28,0.93
72,1997-12-19,13.18,13.0,13.6,12.85,6510,8604000.0,5.69,-1.37,-0.18,1.45
73,1997-12-26,13.0,13.32,13.5,12.7,8251,10798000.0,6.15,2.46,0.32,1.83
74,1997-12-31,13.5,13.57,14.48,13.4,6345,8737000.0,8.11,1.88,0.25,1.41
75,1998-01-09,13.58,14.13,14.47,13.58,19482,27477000.0,6.56,4.13,0.56,4.33
76,1998-01-16,14.18,13.87,15.0,13.0,15785,22156000.0,14.15,-1.84,-0.26,3.51
77,1998-01-23,13.8,14.17,14.4,13.7,9107,12815000.0,5.05,2.16,0.3,2.02
78,1998-02-13,14.5,14.22,14.7,13.95,8736,12438000.0,5.29,0.35,0.05,1.94
79,1998-02-20,14.25,13.98,14.78,13.95,9043,12918000.0,5.84,-1.69,-0.24,2.01
80,1998-02-27,13.95,13.35,13.95,12.91,5995,8030000.0,7.44,-4.51,-0.63,1.33
81,1998-03-06,13.18,13.75,15.1,12.95,50278,71914000.0,16.1,3.0,0.4,11.17
82,1998-03-13,12.38,11.53,12.38,11.3,42406,49676000.0,7.85,-16.15,-2.22,9.42
83,1998-03-20,11.54,11.29,11.8,11.2,16959,19424000.0,5.2,-2.08,-0.24,3.77
84,1998-03-27,11.29,10.8,11.59,10.51,17536,19198000.0,9.57,-4.34,-0.49,3.9
85,1998-04-03,10.7,11.19,11.5,10.45,24954,27678000.0,9.72,3.61,0.39,5.55
86,1998-04-10,11.74,11.4,11.74,11.2,20844,23924000.0,4.83,1.88,0.21,4.63
87,1998-04-17,11.32,11.58,12.37,11.18,38239,45185000.0,10.44,1.58,0.18,8.5
88,1998-04-24,11.5,11.5,11.98,11.2,12114,13926000.0,6.74,-0.69,-0.08,2.69
89,1998-04-30,11.4,11.91,12.39,11.28,20934,24676000.0,9.65,3.57,0.41,4.65
90,1998-05-08,12.0,11.83,12.1,11.43,22044,26140000.0,5.63,-0.67,-0.08,4.9
91,1998-05-15,11.9,11.81,12.1,11.47,23726,28047000.0,5.33,-0.17,-0.02,5.27
92,1998-05-22,11.85,11.93,12.69,11.58,35175,42792000.0,9.4,1.02,0.12,7.82
93,1998-05-29,11.95,12.47,12.58,11.62,31621,38340000.0,8.05,4.53,0.54,7.03
94,1998-06-05,12.52,12.39,13.1,12.27,33689,42846000.0,6.66,-0.64,-0.08,7.49
95,1998-06-12,12.4,12.33,12.8,11.9,14278,17490000.0,7.26,-0.48,-0.06,3.17
96,1998-06-19,12.39,12.4,12.58,11.83,12383,15046000.0,6.08,0.57,0.07,2.75
97,1998-06-26,12.5,12.6,12.85,12.28,18125,22717000.0,4.6,1.61,0.2,4.03
98,1998-07-03,12.6,11.9,12.7,11.6,8911,10761000.0,8.73,-5.56,-0.7,1.98
99,1998-07-10,11.9,11.79,11.9,11.35,6727,7774000.0,4.62,-0.92,-0.11,1.49
100,1998-07-17,11.8,12.15,12.98,11.44,48614,61177000.0,13.06,3.05,0.36,10.8
101,1998-07-24,11.88,11.94,12.32,11.75,9073,10842000.0,4.69,-1.73,-0.21,2.02
102,1998-07-31,12.0,11.75,12.0,11.6,6800,7983000.0,3.35,-1.59,-0.19,1.51
103,1998-08-07,11.7,11.23,11.76,11.22,5319,6119000.0,4.6,-4.43,-0.52,1.18
104,1998-08-14,11.18,10.74,11.47,10.68,7360,8081000.0,7.03,-4.36,-0.49,1.64
105,1998-08-21,10.52,10.6,10.68,9.37,11711,11872000.0,12.2,-1.3,-0.14,2.6
106,1998-08-28,10.5,10.08,10.7,10.08,8210,8520000.0,5.85,-4.91,-0.52,1.82
107,1998-09-04,9.99,10.4,10.47,9.5,6054,6136000.0,9.62,3.17,0.32,1.35
108,1998-09-11,10.4,11.09,11.43,10.16,15813,17152000.0,12.21,6.63,0.69,3.51
109,1998-09-18,11.2,10.49,11.25,10.45,11027,12034000.0,7.21,-5.41,-0.6,2.45
110,1998-09-25,10.39,10.56,10.7,10.28,6423,6741000.0,4.0,0.67,0.07,1.43
111,1998-09-30,10.65,10.83,10.89,10.56,4031,4329000.0,3.13,2.56,0.27,0.9
112,1998-10-09,10.87,11.4,11.65,10.66,26990,30261000.0,9.14,5.26,0.57,6.0
113,1998-10-16,11.47,11.42,11.95,11.35,23038,26756000.0,5.26,0.18,0.02,5.12
114,1998-10-23,11.38,10.98,11.66,10.7,10985,12221000.0,8.41,-3.85,-0.44,2.44
115,1998-10-30,10.94,11.05,11.48,10.58,9003,9959000.0,8.2,0.64,0.07,2.0
116,1998-11-06,11.01,11.61,11.75,10.81,12516,14132000.0,8.51,5.07,0.56,2.78
117,1998-11-13,11.61,11.25,11.7,11.18,13765,15795000.0,4.48,-3.1,-0.36,3.06
118,1998-11-20,11.25,11.19,11.6,11.01,9065,10305000.0,5.24,-0.53,-0.06,2.01
119,1998-11-27,11.2,10.88,11.5,10.83,6474,7242000.0,5.99,-2.77,-0.31,1.44
120,1998-12-04,10.88,10.68,10.9,10.6,6056,6498000.0,2.76,-1.84,-0.2,1.35
121,1998-12-11,10.8,10.71,10.85,10.6,3000,3209000.0,2.34,0.28,0.03,0.67
122,1998-12-18,10.7,10.04,10.71,9.85,4784,4903000.0,8.03,-6.26,-0.67,1.06
123,1998-12-25,10.05,10.16,10.39,9.99,2480,2530000.0,3.98,1.2,0.12,0.55
124,1998-12-31,10.35,10.05,10.35,9.9,2159,2174000.0,4.43,-1.08,-0.11,0.48
125,1999-01-08,10.0,10.1,10.1,9.7,3062,3023000.0,3.98,0.5,0.05,0.68
126,1999-01-15,10.12,10.08,10.23,9.7,3197,3196000.0,5.25,-0.2,-0.02,0.71
127,1999-01-22,10.11,10.2,10.47,10.0,6036,6212000.0,4.66,1.19,0.12,1.34
128,1999-01-29,10.3,9.9,10.31,9.75,2978,2980000.0,5.49,-2.94,-0.3,0.66
129,1999-02-05,9.8,9.2,10.0,8.84,4039,3877000.0,11.72,-7.07,-0.7,0.9
130,1999-02-09,8.88,8.96,9.0,8.6,1981,1773000.0,4.35,-2.61,-0.24,0.44
131,1999-03-05,8.98,9.22,9.27,8.61,5520,4969000.0,7.37,2.9,0.26,1.23
132,1999-03-12,9.23,9.44,9.69,9.12,14774,13765000.0,6.18,2.39,0.22,3.28
133,1999-03-19,8.98,9.15,9.47,8.81,14312,13011000.0,6.99,-3.07,-0.29,2.45
134,1999-03-26,9.19,8.85,9.4,8.74,19326,17605000.0,7.21,-3.28,-0.3,3.3
135,1999-04-02,8.95,9.15,9.69,8.86,27311,25392000.0,9.38,3.39,0.3,4.67
136,1999-04-09,9.23,9.49,9.5,9.18,15828,14759000.0,3.5,3.72,0.34,2.71
137,1999-04-16,9.51,9.04,9.77,8.95,17666,16673000.0,8.64,-4.74,-0.45,3.02
138,1999-04-23,9.06,8.57,9.1,8.35,9661,8473000.0,8.3,-5.2,-0.47,1.65
139,1999-04-30,8.57,8.08,8.57,7.68,11950,9569000.0,10.39,-5.72,-0.49,2.04
140,1999-05-07,8.08,8.0,8.2,7.98,3618,2919000.0,2.72,-0.99,-0.08,0.62
141,1999-05-14,7.9,7.22,7.9,7.2,9122,6819000.0,8.75,-9.75,-0.78,1.56
142,1999-05-21,7.08,7.88,8.15,7.0,18781,14503000.0,15.93,9.14,0.66,3.21
143,1999-05-28,7.88,8.51,9.0,7.63,43043,36019000.0,17.39,7.99,0.63,7.36
144,1999-06-04,8.6,8.05,8.93,8.0,31393,26445000.0,10.93,-5.41,-0.46,5.37
145,1999-06-11,8.05,9.2,9.45,8.03,81589,73448000.0,17.64,14.29,1.15,13.95
146,1999-06-18,9.41,9.95,10.21,8.8,86622,82643000.0,15.33,8.15,0.75,14.81
147,1999-06-25,10.15,10.5,11.58,10.15,171877,188032000.0,14.37,5.53,0.55,22.62
148,1999-07-02,10.4,10.2,12.0,9.6,115322,125067000.0,22.86,-2.86,-0.3,15.18
149,1999-07-09,10.3,10.32,10.7,9.8,33884,34811017.0,8.82,1.18,0.12,4.46
150,1999-07-16,10.38,9.5,10.45,9.49,21491,20931592.0,9.3,-7.95,-0.82,2.83
151,1999-07-23,9.38,9.28,9.68,8.9,22843,21290000.0,8.21,-2.32,-0.22,3.01
152,1999-07-30,9.3,9.49,10.1,9.13,20433,19687076.0,10.45,2.26,0.21,2.69
153,1999-08-06,9.6,9.67,10.1,9.41,21854,21289000.0,7.27,1.9,0.18,2.88
154,1999-08-13,9.67,10.07,10.38,9.28,36579,36469000.0,11.38,4.14,0.4,4.81
155,1999-08-20,10.07,10.39,10.57,9.6,48594,49293000.0,9.63,3.18,0.32,6.39
156,1999-08-27,10.39,10.55,10.94,10.3,38869,41269000.0,6.16,1.54,0.16,5.12
157,1999-09-03,10.52,10.03,10.55,9.96,17335,17687000.0,5.59,-4.93,-0.52,2.28
158,1999-09-10,9.98,10.34,10.69,9.8,18692,19262000.0,8.87,3.09,0.31,2.46
159,1999-09-17,10.37,10.43,10.8,10.23,21139,22204000.0,5.51,0.87,0.09,2.78
160,1999-09-24,10.52,10.18,10.62,10.08,12880,13349000.0,5.18,-2.4,-0.25,1.69
161,1999-09-30,10.18,9.95,10.36,9.94,6526,6572000.0,4.13,-2.26,-0.23,0.86
162,1999-10-08,9.85,9.66,9.85,9.65,1496,1454000.0,2.01,-2.91,-0.29,0.2
163,1999-10-15,9.64,9.6,9.77,9.39,4988,4756000.0,3.93,-0.62,-0.06,0.66
164,1999-10-22,9.71,9.42,9.9,9.19,7797,7458000.0,7.4,-1.88,-0.18,1.03
165,1999-10-29,9.32,9.37,9.6,9.16,5426,5090000.0,4.67,-0.53,-0.05,0.71
166,1999-11-05,9.36,8.92,9.57,8.53,8239,7603000.0,11.1,-4.8,-0.45,1.08
167,1999-11-12,8.93,8.9,9.1,8.82,4805,4296000.0,3.14,-0.22,-0.02,0.63
168,1999-11-19,8.9,9.05,9.38,8.85,5187,4706000.0,5.96,1.69,0.15,0.68
169,1999-11-26,9.25,9.1,9.47,9.0,5774,5378000.0,5.19,0.55,0.05,0.76
170,1999-12-03,9.2,9.15,9.26,9.01,4324,3929000.0,2.75,0.55,0.05,0.57
171,1999-12-10,9.15,9.15,9.42,9.0,8208,7610000.0,4.59,0.0,0.0,1.08
172,1999-12-17,9.1,9.05,9.33,9.0,7175,6532000.0,3.61,-1.09,-0.1,0.94
173,1999-12-24,9.02,8.35,9.02,8.32,5125,4441000.0,7.73,-7.73,-0.7,0.67
174,1999-12-30,8.41,8.64,8.65,8.0,10312,8493000.0,7.78,3.47,0.29,1.36
175,2000-01-07,8.58,9.26,9.28,8.46,17624,15756000.0,9.49,7.18,0.62,2.32
176,2000-01-14,9.3,8.34,9.35,8.3,16298,14490000.0,11.34,-9.94,-0.92,2.14
177,2000-01-21,8.36,9.07,9.33,8.23,22564,20302000.0,13.19,8.75,0.73,2.97
178,2000-01-28,9.09,8.98,9.09,8.6,18396,16219000.0,5.4,-0.99,-0.09,2.42
179,2000-02-18,9.1,9.35,10.5,9.01,56403,53712000.0,16.59,4.12,0.37,7.42
180,2000-02-25,9.34,9.55,10.43,9.14,92502,91310000.0,13.8,2.14,0.2,12.17
181,2000-03-03,9.53,10.01,10.6,9.2,102504,102124000.0,14.66,4.82,0.46,13.49
182,2000-03-10,10.05,9.49,10.2,9.38,40360,39501000.0,8.19,-5.19,-0.52,5.31
183,2000-03-17,9.49,9.13,9.65,8.93,26031,24097000.0,7.59,-3.79,-0.36,3.43
184,2000-03-24,9.13,9.45,9.88,9.0,43889,41559000.0,9.64,3.5,0.32,5.78
185,2000-03-31,9.48,9.8,10.2,9.47,60990,60411000.0,7.72,3.7,0.35,8.03
186,2000-04-07,9.7,10.98,11.2,9.6,161162,170044000.0,16.33,12.04,1.18,21.21
187,2000-04-14,11.06,12.98,12.99,10.56,279005,330696000.0,22.13,18.21,2.0,36.72
188,2000-04-21,13.1,12.2,14.27,11.79,364112,473013785.0,19.11,-6.01,-0.78,47.92
189,2000-04-28,12.2,11.48,12.5,11.22,90768,106536000.0,10.49,-5.9,-0.72,11.94
190,2000-05-12,11.48,10.14,11.6,10.1,36961,40174000.0,13.07,-11.67,-1.34,4.86
191,2000-05-19,10.18,10.67,10.75,9.98,31855,32875000.0,7.59,5.23,0.53,4.19
192,2000-05-26,10.68,11.43,11.78,10.67,59497,66490000.0,10.4,7.12,0.76,7.83
193,2000-06-02,11.43,12.4,12.45,11.1,90711,105805000.0,11.81,8.49,0.97,11.94
194,2000-06-09,12.32,11.31,12.6,11.25,78361,93620000.0,10.89,-8.79,-1.09,10.31
195,2000-06-16,11.29,12.19,12.2,11.08,52389,61896000.0,9.9,7.78,0.88,6.89
196,2000-06-23,12.48,12.31,13.2,12.0,118974,150701000.0,9.84,0.98,0.12,15.66
197,2000-06-30,12.31,12.36,12.68,12.05,48806,60286000.0,5.12,0.41,0.05,6.42
198,2000-07-07,12.36,13.25,13.32,12.15,116859,150822000.0,9.47,7.2,0.89,15.38
199,2000-07-14,13.26,12.98,13.58,12.6,87555,114657469.0,7.4,-2.04,-0.27,11.52
200,2000-07-21,12.9,12.82,13.38,12.7,45118,58464000.0,5.24,-1.23,-0.16,5.94
201,2000-07-28,12.81,12.66,12.99,12.59,33667,42767000.0,3.12,-1.25,-0.16,4.43
202,2000-08-04,12.71,12.84,13.04,12.4,42877,54601000.0,5.06,1.42,0.18,5.64
203,2000-08-11,13.11,13.94,14.7,13.11,285980,398707000.0,12.38,8.57,1.1,37.63
204,2000-08-18,13.88,13.55,14.78,13.46,264432,374370000.0,9.47,-2.8,-0.39,34.8
205,2000-08-25,13.45,13.53,13.85,12.61,80678,107373000.0,9.15,-0.15,-0.02,10.62
206,2000-09-01,13.55,12.62,13.85,12.62,46522,61799000.0,9.09,-6.73,-0.91,6.12
207,2000-09-07,12.7,12.72,13.68,12.6,50756,66688000.0,8.56,0.79,0.1,6.68
208,2000-09-15,12.8,12.7,13.19,12.61,18654,23957000.0,4.56,-0.16,-0.02,2.45
209,2000-09-22,12.7,11.67,12.81,11.62,23113,27791000.0,9.37,-8.11,-1.03,3.04
210,2000-09-29,11.59,11.66,11.9,11.25,11643,13435000.0,5.57,-0.09,-0.01,1.53
211,2000-10-13,11.7,11.73,12.16,11.6,14924,17691000.0,4.8,0.6,0.07,1.96
212,2000-10-20,11.72,11.94,11.95,11.31,13683,15956000.0,5.46,1.79,0.21,1.8
213,2000-10-27,11.98,11.9,12.2,11.82,20434,24577000.0,3.18,-0.34,-0.04,2.69
214,2000-11-03,11.85,12.17,12.45,11.85,23219,28340000.0,5.04,2.27,0.27,3.06
215,2000-11-10,12.3,12.44,12.56,12.1,25271,31223000.0,3.78,2.22,0.27,3.33
216,2000-11-17,12.46,13.0,13.08,12.39,41842,53244000.0,5.55,4.5,0.56,5.51
217,2000-11-24,13.13,12.62,13.43,12.58,52657,69387000.0,6.54,-2.92,-0.38,6.93
218,2000-12-01,12.5,12.72,12.85,12.45,20910,26427000.0,3.17,0.79,0.1,2.75
219,2000-12-08,12.72,12.7,13.16,12.6,19256,24708000.0,4.4,-0.16,-0.02,2.53
220,2000-12-15,12.7,12.33,12.72,12.28,13245,16471000.0,3.46,-2.91,-0.37,1.74
221,2000-12-22,12.22,12.9,13.1,12.08,23517,29994000.0,8.27,4.62,0.57,3.09
222,2000-12-29,13.0,13.13,13.18,12.72,24153,31392000.0,3.57,1.78,0.23,3.18
223,2001-01-05,13.2,13.78,13.8,13.06,51100,68366000.0,5.64,4.95,0.65,6.72
224,2001-01-12,13.8,13.8,14.05,13.44,67067,92354000.0,4.43,0.15,0.02,8.83
225,2001-01-19,13.78,13.45,13.78,13.01,38425,51167000.0,5.58,-2.54,-0.35,5.06
226,2001-02-09,13.45,12.64,13.55,12.3,23271,29760000.0,9.29,-6.02,-0.81,3.06
227,2001-02-16,12.64,12.68,12.85,12.42,9010,11417000.0,3.4,0.32,0.04,1.19
228,2001-02-23,12.68,12.59,13.02,12.35,10952,13818000.0,5.28,-0.71,-0.09,1.44
229,2001-03-02,12.6,13.04,13.04,12.52,12129,15543000.0,4.13,3.57,0.45,1.6
230,2001-03-09,13.1,13.02,13.15,12.86,12082,15703000.0,2.22,-0.15,-0.02,1.59
231,2001-03-16,13.08,13.2,13.28,12.85,17394,22759000.0,3.3,1.38,0.18,2.29
232,2001-03-23,13.2,13.2,13.7,13.15,41520,56068000.0,4.17,0.0,0.0,5.46
233,2001-03-30,13.2,13.48,13.68,13.16,21022,28262000.0,3.94,2.12,0.28,2.77
234,2001-04-06,13.5,13.22,13.8,13.16,35231,47478000.0,4.75,-1.93,-0.26,4.64
235,2001-04-13,13.21,13.43,13.55,13.15,19689,26324000.0,3.03,1.59,0.21,2.59
236,2001-04-20,13.48,13.22,13.7,13.2,50994,68844000.0,3.72,-1.56,-0.21,6.71
237,2001-04-27,13.18,14.28,14.72,13.0,233008,330991000.0,13.01,8.02,1.06,30.66
238,2001-05-11,14.48,16.0,16.75,14.3,302430,480462322.0,17.16,12.04,1.72,39.8
239,2001-05-18,16.01,16.64,17.21,15.98,196664,324899000.0,7.69,4.0,0.64,25.88
240,2001-05-25,16.67,15.98,17.6,15.98,156748,262091000.0,9.74,-3.97,-0.66,20.63
241,2001-06-01,15.96,16.25,16.55,15.67,72826,117169000.0,5.51,1.69,0.27,9.58
242,2001-06-08,16.3,16.3,17.1,16.08,77566,129091000.0,6.28,0.31,0.05,10.21
243,2001-06-15,16.3,16.6,17.3,16.2,89826,150877000.0,6.75,1.84,0.3,11.82
244,2001-06-22,16.58,15.65,16.58,15.3,47695,75097000.0,7.71,-5.72,-0.95,6.28
245,2001-06-29,15.67,15.18,15.92,15.15,40258,62609000.0,4.92,-3.0,-0.47,5.3
246,2001-07-06,15.18,14.73,15.48,14.68,28008,41985000.0,5.27,-2.96,-0.45,3.69
247,2001-07-13,14.75,15.12,15.9,14.41,30905,46571302.0,10.12,2.65,0.39,4.07
248,2001-07-20,15.15,15.24,15.28,14.65,12974,19529000.0,4.17,0.79,0.12,1.71
249,2001-07-27,15.46,14.6,15.5,14.5,16816,24957000.0,6.56,-4.2,-0.64,2.21
250,2001-08-03,14.5,13.41,14.5,12.6,25122,33786000.0,13.01,-8.15,-1.19,3.31
251,2001-08-10,13.68,14.15,14.3,13.32,36725,50793000.0,7.31,5.52,0.74,4.83
252,2001-08-17,14.11,13.52,14.16,13.4,13898,19173000.0,5.37,-4.45,-0.63,1.83
253,2001-08-24,13.57,13.4,14.05,13.4,12190,16648000.0,4.81,-0.89,-0.12,1.6
254,2001-08-31,13.4,13.0,13.4,12.77,10489,13686000.0,4.7,-2.99,-0.4,1.38
255,2001-09-07,13.0,12.75,13.5,12.75,8362,10990000.0,5.77,-1.92,-0.25,1.1
256,2001-09-14,12.65,12.38,13.2,12.38,13175,16826000.0,6.43,-2.9,-0.37,1.73
257,2001-09-21,12.2,12.2,12.4,11.8,11704,14166000.0,4.85,-1.45,-0.18,1.54
258,2001-09-28,12.02,11.93,12.31,11.71,5487,6569000.0,4.92,-2.21,-0.27,0.72
259,2001-10-12,11.93,10.66,11.95,9.75,15966,17028000.0,18.44,-10.65,-1.27,2.1
260,2001-10-19,10.65,9.95,10.83,9.68,11433,11669000.0,10.79,-6.66,-0.71,1.5
261,2001-10-26,9.28,10.81,11.37,9.28,42419,45470000.0,21.01,8.64,0.86,5.58
262,2001-11-02,10.81,11.18,11.3,10.64,11566,12757000.0,6.11,3.42,0.37,1.52
263,2001-11-09,11.18,10.37,11.18,9.7,16252,16960000.0,13.24,-7.25,-0.81,2.14
264,2001-11-16,10.37,10.52,11.18,10.1,9841,10376000.0,10.41,1.45,0.15,1.3
265,2001-11-23,10.5,11.48,11.58,10.5,25085,28116835.0,10.27,9.13,0.96,3.3
266,2001-11-30,11.45,11.72,11.74,11.26,18768,21690000.0,4.18,2.09,0.24,2.47
267,2001-12-07,11.72,12.05,12.39,11.62,40644,49088768.0,6.57,2.82,0.33,5.35
268,2001-12-14,12.0,11.31,12.1,11.25,17053,19926499.0,7.05,-6.14,-0.74,2.24
269,2001-12-21,11.28,11.19,11.65,10.95,11995,13591139.0,6.19,-1.06,-0.12,1.58
270,2001-12-28,11.18,11.03,11.4,10.28,16190,17418379.0,10.01,-1.43,-0.16,2.13
271,2002-01-04,11.06,10.68,11.17,10.68,2935,3195829.0,4.44,-3.17,-0.35,0.39
272,2002-01-11,10.6,10.2,10.72,10.06,9786,10109396.0,6.18,-4.49,-0.48,1.29
273,2002-01-18,10.05,9.44,10.25,8.8,15966,15566253.0,14.22,-7.45,-0.76,2.1
274,2002-01-25,9.38,10.0,10.2,9.01,19719,18809639.0,12.61,5.93,0.56,2.59
275,2002-02-01,9.85,10.36,10.49,8.9,31046,30870573.0,15.9,3.6,0.36,4.09
276,2002-02-08,10.3,10.2,10.49,9.97,13522,13872677.0,5.02,-1.54,-0.16,1.78
277,2002-03-01,10.45,10.02,10.5,10.0,12817,13203365.0,4.9,-1.76,-0.18,1.69
278,2002-03-08,10.03,11.08,11.2,10.03,31563,33722915.0,11.68,10.58,1.06,4.15
279,2002-03-15,11.2,10.96,11.68,10.63,51702,57500339.0,9.48,-1.08,-0.12,6.8
280,2002-03-22,11.0,11.19,11.45,10.86,33774,37868979.0,5.38,2.1,0.23,4.44
281,2002-03-29,11.19,10.47,11.21,10.45,19243,20925209.0,6.79,-6.43,-0.72,2.53
282,2002-04-05,10.47,10.55,10.73,10.24,15007,15688601.0,4.68,0.76,0.08,1.97
283,2002-04-12,10.54,11.13,11.6,10.5,38486,42459829.0,10.43,5.5,0.58,5.06
284,2002-04-19,11.05,10.69,11.05,10.45,15707,16879634.0,5.39,-3.95,-0.44,2.07
285,2002-04-26,10.65,11.0,11.05,10.58,12020,13005341.0,4.4,2.9,0.31,1.58
286,2002-04-30,11.1,11.21,11.22,10.93,12214,13577323.0,2.64,1.91,0.21,1.61
287,2002-05-10,11.2,10.83,11.22,10.82,6291,6908119.0,3.57,-3.39,-0.38,0.83
288,2002-05-17,10.8,10.39,10.8,10.2,11910,12522769.0,5.54,-4.06,-0.44,1.57
289,2002-05-24,10.32,10.39,10.68,10.0,12723,13239444.0,6.54,0.0,0.0,1.67
290,2002-05-31,10.36,9.9,10.46,9.9,10383,10471100.0,5.39,-4.72,-0.49,1.37
291,2002-06-07,9.8,9.95,10.1,9.4,15360,14944736.0,7.07,0.51,0.05,2.02
292,2002-06-14,9.93,9.75,10.05,9.63,5672,5604631.0,4.22,-2.01,-0.2,0.75
293,2002-06-21,9.7,10.2,10.25,9.55,8716,8723164.0,7.18,4.62,0.45,1.15
294,2002-06-28,11.22,10.76,11.3,10.65,59161,65139362.0,6.37,5.49,0.56,7.79
295,2002-07-05,10.76,10.9,11.0,10.58,17589,19010139.0,3.9,1.3,0.14,2.31
296,2002-07-12,10.89,10.96,11.44,10.8,54039,60458582.0,5.87,0.55,0.06,7.11
297,2002-07-19,10.81,10.84,10.9,10.6,10281,11048552.0,2.74,-1.09,-0.12,1.35
298,2002-07-26,10.88,10.56,10.88,10.49,11096,11823150.0,3.6,-2.58,-0.28,1.46
299,2002-08-02,10.55,10.61,10.66,10.4,8840,9274174.0,2.46,0.47,0.05,1.16
300,2002-08-09,10.6,10.59,11.06,10.48,27960,30209606.0,5.47,-0.19,-0.02,3.68
301,2002-08-16,10.45,10.1,10.45,9.9,19362,19582095.0,5.19,-4.63,-0.49,2.55
302,2002-08-23,10.13,10.16,10.32,10.0,11269,11433325.0,3.17,0.59,0.06,1.48
303,2002-08-30,10.15,10.11,10.28,10.06,7001,7104528.0,2.17,-0.49,-0.05,0.92
304,2002-09-06,10.1,9.9,10.16,9.88,6948,6961830.0,2.77,-2.08,-0.21,0.91
305,2002-09-13,9.85,9.74,9.97,9.68,3921,3837475.0,2.93,-1.62,-0.16,0.52
306,2002-09-20,9.69,9.62,9.87,9.51,5011,4825848.0,3.7,-1.23,-0.12,0.66
307,2002-09-27,9.62,9.51,9.75,9.5,4660,4475308.0,2.6,-1.14,-0.11,0.61
308,2002-10-11,9.45,9.1,9.51,9.0,4770,4390865.0,5.36,-4.31,-0.41,0.63
309,2002-10-18,8.99,8.98,9.25,8.88,5625,5085386.0,4.07,-1.32,-0.12,0.74
310,2002-10-25,8.92,8.42,9.18,8.4,10765,9504486.0,8.69,-6.24,-0.56,1.42
311,2002-11-01,8.25,8.38,8.51,8.25,6381,5346005.0,3.09,-0.48,-0.04,0.84
312,2002-11-08,8.6,8.34,8.88,8.3,10951,9412696.0,6.92,-0.48,-0.04,1.44
313,2002-11-15,8.35,7.73,8.5,7.55,9961,7939888.0,11.39,-7.31,-0.61,1.31
314,2002-11-22,7.7,7.38,7.95,7.21,7254,5516919.0,9.57,-4.53,-0.35,0.95
315,2002-11-29,7.39,7.63,7.75,7.11,10790,8050176.0,8.67,3.39,0.25,1.42
316,2002-12-06,7.63,7.65,7.69,7.3,8462,6367841.0,5.11,0.26,0.02,1.11
317,2002-12-13,7.6,7.6,7.88,7.3,16452,12550352.0,7.58,-0.65,-0.05,2.16
318,2002-12-20,7.62,7.91,8.01,7.57,17143,13439371.0,5.79,4.08,0.31,2.26
319,2002-12-27,7.91,7.42,7.97,7.31,8685,6661520.0,8.34,-6.19,-0.49,1.14
320,2003-01-03,7.38,7.08,7.46,7.03,5967,4303516.0,5.8,-4.58,-0.34,0.79
321,2003-01-10,7.04,7.38,7.51,6.8,10906,7943350.0,10.03,4.24,0.3,1.44
322,2003-01-17,7.38,7.78,7.92,7.3,21066,16213372.0,8.4,5.42,0.4,2.77
323,2003-01-24,7.7,7.95,8.01,7.5,31481,24629468.0,6.56,2.19,0.17,4.14
324,2003-01-29,7.91,7.87,8.13,7.8,17315,13845133.0,4.15,-1.01,-0.08,2.28
325,2003-02-14,7.96,8.05,8.1,7.7,11592,9197292.0,5.08,2.29,0.18,1.53
326,2003-02-21,8.2,8.0,8.83,7.98,51291,43053542.0,10.56,-0.62,-0.05,6.75
327,2003-02-28,7.98,8.1,8.2,7.95,11122,8972210.0,3.13,1.25,0.1,1.46
328,2003-03-07,8.1,7.81,8.2,7.8,9798,7872532.0,4.94,-3.58,-0.29,1.29
329,2003-03-14,7.8,7.58,7.8,7.54,6957,5327206.0,3.33,-2.94,-0.23,0.92
330,2003-03-21,7.68,7.61,7.69,7.45,4795,3632522.0,3.17,0.4,0.03,0.63
331,2003-03-28,7.65,7.63,7.88,7.35,6540,4960797.0,6.96,0.26,0.02,0.86
332,2003-04-04,7.63,7.81,7.95,7.63,9602,7525544.0,4.19,2.36,0.18,1.26
333,2003-04-11,7.72,8.28,8.32,7.5,24536,19503894.0,10.5,6.02,0.47,3.23
334,2003-04-18,8.43,8.15,8.46,7.88,35919,29531323.0,7.0,-1.57,-0.13,4.73
335,2003-04-25,7.8,7.94,8.47,7.8,38471,31594432.0,8.22,-2.58,-0.21,5.06
336,2003-04-30,7.9,8.73,8.85,7.6,50291,42364900.0,15.74,9.95,0.79,6.62
337,2003-05-16,8.73,9.84,10.1,8.52,232886,219743051.0,18.1,12.71,1.11,30.65
338,2003-05-23,9.8,9.92,10.3,9.12,107459,104327938.0,11.99,0.81,0.08,14.14
339,2003-05-30,9.92,9.64,10.04,9.45,73652,71973758.0,5.95,-2.82,-0.28,9.69
340,2003-06-06,9.64,9.09,9.65,9.08,33162,31148532.0,5.91,-5.71,-0.55,4.36
341,2003-06-13,8.99,9.14,9.27,8.8,24087,21768644.0,5.17,0.55,0.05,3.17
342,2003-06-20,9.15,8.92,9.15,8.82,14050,12611400.0,3.61,-2.41,-0.22,1.85
343,2003-06-27,8.9,8.19,8.9,8.16,16587,14095955.0,8.3,-8.18,-0.73,2.18
344,2003-07-04,8.19,8.43,8.5,8.12,13376,11146271.0,4.64,2.93,0.24,1.76
345,2003-07-11,8.43,8.51,8.64,8.3,13599,11539174.0,4.03,0.95,0.08,1.79
346,2003-07-18,8.5,8.4,8.77,8.34,17634,15080237.0,5.05,-1.29,-0.11,2.32
347,2003-07-25,8.31,8.09,8.53,8.08,12401,10303804.0,5.36,-3.69,-0.31,1.63
348,2003-08-01,8.0,7.93,8.05,7.8,8918,7049759.0,3.09,-1.98,-0.16,1.17
349,2003-08-08,7.9,7.92,8.33,7.9,12002,9761672.0,5.42,-0.13,-0.01,1.58
350,2003-08-15,7.9,7.86,8.07,7.81,5594,4437363.0,3.28,-0.76,-0.06,0.74
351,2003-08-22,7.74,7.35,7.8,7.34,11879,8941369.0,5.85,-6.49,-0.51,1.56
352,2003-08-29,7.33,7.29,7.35,7.14,6411,4650942.0,2.86,-0.82,-0.06,0.84
353,2003-09-05,7.3,7.4,7.86,7.22,22322,16920680.0,8.78,1.51,0.11,2.94
354,2003-09-12,7.3,7.21,7.41,7.2,6770,4929952.0,2.84,-2.57,-0.19,0.89
355,2003-09-19,7.19,7.05,7.31,7.01,6399,4560781.0,4.16,-2.22,-0.16,0.84
356,2003-09-26,7.03,7.21,7.65,6.98,17076,12552422.0,9.5,2.27,0.16,2.25
357,2003-09-30,7.21,7.2,7.24,7.0,3901,2772374.0,3.33,-0.14,-0.01,0.51
358,2003-10-10,7.25,7.51,7.59,7.15,12272,9122301.0,6.11,4.31,0.31,1.61
359,2003-10-17,7.53,7.19,7.58,7.15,8450,6232834.0,5.73,-4.26,-0.32,1.11
360,2003-10-24,7.2,7.38,7.45,7.08,7805,5689274.0,5.15,2.64,0.19,1.03
361,2003-10-31,7.15,5.9,7.15,5.71,42323,26346983.0,19.51,-20.05,-1.48,5.57
362,2003-11-07,5.89,5.3,6.08,5.11,28693,16284381.0,16.44,-10.17,-0.6,3.78
363,2003-11-14,5.3,5.52,5.58,5.25,13773,7453043.0,6.23,4.15,0.22,1.81
364,2003-11-21,5.5,5.6,6.0,5.3,24017,13584079.0,12.68,1.45,0.08,3.16
365,2003-11-28,5.6,6.14,6.51,5.6,60715,37415170.0,16.25,9.64,0.54,7.99
366,2003-12-05,6.2,6.53,6.61,6.14,44392,28472366.0,7.65,6.35,0.39,5.84
367,2003-12-12,7.18,6.8,7.18,6.6,81213,56426230.0,8.88,4.13,0.27,10.69
368,2003-12-19,6.8,6.52,6.8,6.35,24881,16298622.0,6.62,-4.12,-0.28,3.27
369,2003-12-26,6.5,6.82,7.17,6.15,70621,48046420.0,15.64,4.6,0.3,9.29
370,2004-01-02,6.75,6.66,6.81,6.5,18041,11997837.0,4.55,-2.35,-0.16,2.37
371,2004-01-09,6.65,6.48,6.75,6.41,40450,26409189.0,5.11,-2.7,-0.18,5.32
372,2004-01-16,6.49,6.42,6.58,6.36,22266,14314534.0,3.4,-0.93,-0.06,2.93
373,2004-01-30,6.38,6.68,6.79,6.38,16806,11211825.0,6.39,4.05,0.26,2.21
374,2004-02-06,6.7,6.88,7.05,6.64,55683,38347925.0,6.14,2.99,0.2,7.33
375,2004-02-13,6.87,6.89,7.34,6.8,60602,42985685.0,7.85,0.15,0.01,7.98
376,2004-02-20,6.89,8.02,8.33,6.89,150536,117619882.0,20.9,16.4,1.13,19.81
377,2004-02-27,8.02,7.61,8.03,7.35,64454,49562364.0,8.48,-5.11,-0.41,8.48
378,2004-03-05,7.62,7.5,7.91,7.4,30636,23422826.0,6.7,-1.45,-0.11,4.03
379,2004-03-12,7.48,7.23,7.49,7.03,19936,14431128.0,6.13,-3.6,-0.27,2.62
380,2004-03-19,7.23,7.65,7.69,7.2,29987,22572707.0,6.78,5.81,0.42,3.95
381,2004-03-26,7.65,7.38,7.68,7.3,20113,15080010.0,4.97,-3.53,-0.27,2.65
382,2004-04-02,7.28,7.63,7.69,7.18,28098,20853049.0,6.91,3.39,0.25,3.7
383,2004-04-09,7.63,7.33,7.76,7.31,46834,35768850.0,5.9,-3.93,-0.3,6.16
384,2004-04-16,7.31,7.15,7.49,6.9,29722,21611807.0,8.05,-2.46,-0.18,3.91
385,2004-04-23,7.16,7.33,7.5,7.01,25420,18519810.0,6.85,2.52,0.18,3.35
386,2004-04-30,7.25,7.74,8.04,7.22,95865,74124023.0,11.19,5.59,0.41,12.62
387,2004-05-14,7.78,7.82,8.46,7.74,181838,148491183.0,9.3,1.03,0.08,23.93
388,2004-05-21,7.78,8.18,8.98,7.6,216807,181617585.0,17.65,4.6,0.36,28.53
389,2004-05-28,8.16,8.34,8.65,7.91,89350,74077759.0,9.05,1.96,0.16,11.76
390,2004-06-04,8.34,8.16,8.65,8.12,94068,79466800.0,6.35,-2.16,-0.18,12.38
391,2004-06-11,8.16,7.89,8.16,7.35,58871,45988162.0,9.93,-3.31,-0.27,7.75
392,2004-06-18,7.94,7.93,8.44,7.6,89095,71901806.0,10.65,0.51,0.04,11.72
393,2004-06-25,7.93,7.46,8.17,7.45,47168,36826405.0,9.08,-5.93,-0.47,6.21
394,2004-07-02,7.18,7.05,7.38,6.58,45303,31368969.0,10.72,-5.5,-0.41,5.96
395,2004-07-09,7.02,6.74,7.17,6.26,26792,18459934.0,12.91,-4.4,-0.31,3.53
396,2004-07-16,6.7,6.75,6.84,6.26,30586,20003299.0,8.61,0.15,0.01,4.02
397,2004-07-23,6.75,6.74,7.24,6.55,37937,26064546.0,10.22,-0.15,-0.01,4.99
398,2004-07-30,6.74,6.59,6.78,6.5,14369,9521352.0,4.15,-2.23,-0.15,1.89
399,2004-08-06,6.55,6.4,6.69,6.36,15942,10345742.0,5.01,-2.88,-0.19,2.1
400,2004-08-13,6.4,6.35,6.47,6.26,10850,6908377.0,3.28,-0.78,-0.05,1.43
401,2004-08-20,6.32,5.66,6.33,5.55,22028,12730913.0,12.28,-10.87,-0.69,2.9
402,2004-08-27,5.66,5.57,6.0,5.53,15128,8703596.0,8.3,-1.59,-0.09,1.99
403,2004-09-03,5.57,5.66,5.89,5.55,9131,5179897.0,6.1,1.62,0.09,1.2
404,2004-09-10,5.7,6.0,6.04,5.62,28585,16713419.0,7.42,6.01,0.34,3.76
405,2004-09-17,5.96,6.34,6.37,5.57,51979,31388503.0,13.33,5.67,0.34,6.84
406,2004-09-24,6.38,6.5,7.13,6.29,146498,98801558.0,13.25,2.52,0.16,19.28
407,2004-09-30,6.58,6.29,6.73,6.25,18681,12028597.0,7.38,-3.23,-0.21,2.46
408,2004-10-08,6.25,6.47,6.49,6.16,3704,2332378.0,5.25,2.86,0.18,0.49
409,2004-10-15,6.48,5.81,6.57,5.7,27317,16947636.0,13.45,-10.2,-0.66,3.59
410,2004-10-22,5.81,5.84,6.1,5.5,16190,9504572.0,10.33,0.52,0.03,2.13
411,2004-10-29,5.5,5.27,5.65,5.07,48517,25638111.0,9.93,-9.76,-0.57,6.38
412,2004-11-05,5.31,5.62,6.0,5.25,65376,36906337.0,14.23,6.64,0.35,8.6
413,2004-11-12,5.55,5.66,5.83,5.5,34385,19518553.0,5.87,0.71,0.04,4.52
414,2004-11-19,5.66,5.64,5.78,5.51,21831,12275070.0,4.77,-0.35,-0.02,2.87
415,2004-11-26,5.61,5.88,6.04,5.61,50263,29475886.0,7.62,4.26,0.24,6.61
416,2004-12-03,5.87,5.72,5.87,5.6,17657,10025676.0,4.59,-2.72,-0.16,2.32
417,2004-12-10,5.88,5.63,6.1,5.62,24008,14012535.0,8.39,-1.57,-0.09,3.16
418,2004-12-17,5.6,5.34,5.6,5.33,11256,6153324.0,4.8,-5.15,-0.29,1.48
419,2004-12-24,5.35,5.39,5.61,5.23,10692,5791317.0,7.12,0.94,0.05,1.41
420,2004-12-31,5.39,5.26,5.46,5.23,5621,2984930.0,4.27,-2.41,-0.13,0.74
421,2005-01-07,5.18,5.1,5.24,5.08,5201,2679131.0,3.04,-3.04,-0.16,0.68
422,2005-01-14,5.1,5.15,5.36,4.98,12834,6606437.0,7.45,0.98,0.05,1.69
423,2005-01-21,5.1,4.9,5.3,4.65,38026,18853885.0,12.62,-4.85,-0.25,5.0
424,2005-01-28,5.0,4.73,5.09,4.71,24680,12021004.0,7.76,-3.47,-0.17,3.25
425,2005-02-04,4.7,4.68,4.95,4.41,15773,7350526.0,11.42,-1.06,-0.05,2.08
426,2005-02-18,4.89,4.72,4.94,4.7,4544,2156366.0,5.13,0.85,0.04,0.6
427,2005-02-25,4.7,4.96,5.07,4.67,23906,11730797.0,8.47,5.08,0.24,3.15
428,2005-03-04,4.94,4.88,5.1,4.86,18329,9148496.0,4.84,-1.61,-0.08,2.41
429,2005-03-11,4.85,4.86,5.08,4.81,13626,6712183.0,5.53,-0.41,-0.02,1.79
430,2005-03-18,4.88,4.52,4.9,4.5,14015,6628302.0,8.23,-7.0,-0.34,1.84
431,2005-03-25,4.52,4.28,4.6,4.1,24718,10636710.0,11.06,-5.31,-0.24,3.25
432,2005-04-01,4.27,4.25,4.35,3.94,11249,4642727.0,9.58,-0.7,-0.03,1.48
433,2005-04-08,4.25,4.34,4.49,4.13,21965,9485886.0,8.47,2.12,0.09,2.89
434,2005-04-15,4.32,4.12,4.4,4.11,11704,4972849.0,6.68,-5.07,-0.22,1.54
435,2005-04-22,4.12,3.84,4.13,3.8,7172,2824174.0,8.01,-6.8,-0.28,0.94
436,2005-04-29,3.82,4.23,4.39,3.48,49513,20568885.0,23.7,10.16,0.39,6.52
437,2005-05-13,4.28,4.07,4.28,3.95,19759,8062785.0,7.8,-3.78,-0.16,2.6
438,2005-05-20,4.09,4.23,4.28,4.06,24549,10276222.0,5.41,3.93,0.16,3.23
439,2005-05-27,4.19,3.96,4.25,3.95,16081,6571434.0,7.09,-6.38,-0.27,2.12
440,2005-06-03,3.96,4.03,4.27,3.96,28524,11826985.0,7.83,1.77,0.07,3.75
441,2005-06-10,4.02,4.44,4.7,3.97,52268,22959033.0,18.11,10.17,0.41,6.88
442,2005-06-17,4.44,4.28,4.55,4.2,21996,9592097.0,7.88,-3.6,-0.16,2.89
443,2005-06-24,4.28,4.44,4.59,4.16,27553,12128108.0,10.05,3.74,0.16,3.63
444,2005-07-01,4.46,4.12,4.67,4.1,32169,14352842.0,12.84,-7.21,-0.32,4.23
445,2005-07-08,4.09,3.89,4.09,3.8,15314,6056303.0,7.04,-5.58,-0.23,2.02
446,2005-07-15,3.9,3.82,4.09,3.8,14395,5705881.0,7.46,-1.8,-0.07,1.89
447,2005-07-22,3.76,3.93,3.95,3.75,9734,3729491.0,5.24,2.88,0.11,1.28
448,2005-07-29,3.91,3.98,4.06,3.84,18919,7545999.0,5.6,1.27,0.05,2.49
449,2005-08-05,3.95,4.35,4.36,3.9,49003,20451739.0,11.56,9.3,0.37,6.45
450,2005-08-12,4.4,4.62,4.78,4.29,91383,41275296.0,11.26,6.21,0.27,12.03
451,2005-08-19,4.62,4.16,4.67,4.02,62133,27410978.0,14.07,-9.96,-0.46,8.18
452,2005-08-26,4.16,4.27,4.3,4.05,39511,16513464.0,6.01,2.64,0.11,5.2
453,2005-09-02,4.35,4.6,4.69,4.28,104367,47213983.0,9.6,7.73,0.33,13.73
454,2005-09-09,4.6,4.48,4.68,4.33,59981,27113266.0,7.61,-2.61,-0.12,7.89
455,2005-09-16,4.5,4.69,4.87,4.42,80154,37506925.0,10.04,4.69,0.21,10.55
456,2005-09-23,4.68,4.28,4.75,4.25,50238,22692625.0,10.66,-8.74,-0.41,6.61
457,2005-09-30,4.29,3.86,4.34,3.75,45224,17820267.0,13.79,-9.81,-0.42,5.95
458,2005-10-14,3.87,3.88,4.07,3.82,34518,13729017.0,6.48,0.52,0.02,4.54
459,2005-10-21,3.88,4.0,4.1,3.86,32848,13159235.0,6.19,3.09,0.12,4.32
460,2005-10-28,4.0,3.57,4.02,3.52,24109,9093361.0,12.5,-10.75,-0.43,3.17
461,2005-11-04,3.56,3.56,3.63,3.4,19551,6927463.0,6.44,-0.28,-0.01,2.57
462,2005-11-11,3.54,3.61,3.73,3.48,30528,11059082.0,7.02,1.4,0.05,4.02
463,2005-11-18,3.72,3.66,3.72,3.45,24834,8923319.0,7.48,1.39,0.05,3.27
464,2005-11-25,3.68,3.84,3.97,3.58,57168,21747261.0,10.66,4.92,0.18,7.52
465,2005-12-02,3.78,3.69,4.07,3.66,53157,20641100.0,10.68,-3.91,-0.15,7.0
466,2005-12-09,3.63,3.65,3.68,3.48,15102,5436502.0,5.42,-1.08,-0.04,1.99
467,2005-12-16,3.64,3.69,3.71,3.55,15209,5532372.0,4.38,1.1,0.04,2.0
468,2005-12-23,3.7,3.64,3.7,3.57,12640,4590818.0,3.52,-1.36,-0.05,1.66
469,2005-12-30,3.64,3.64,3.69,3.6,14389,5255240.0,2.47,0.0,0.0,1.89
470,2006-01-06,3.64,3.75,3.78,3.62,13214,4904338.0,4.4,3.02,0.11,1.74
471,2006-01-13,3.75,3.82,3.84,3.7,35041,13177840.0,3.73,1.87,0.07,4.61
472,2006-01-20,3.8,3.8,3.85,3.69,25578,9643739.0,4.19,-0.52,-0.02,3.37
473,2006-01-25,3.8,3.68,3.86,3.65,19780,7471670.0,5.53,-3.16,-0.12,2.6
474,2006-02-10,3.7,3.92,3.95,3.68,46203,17812806.0,7.34,6.52,0.24,6.08
475,2006-02-17,3.92,3.8,3.97,3.76,31029,12052785.0,5.36,-3.06,-0.12,4.08
476,2006-02-24,3.8,3.83,3.85,3.71,18765,7087810.0,3.68,0.79,0.03,2.47
477,2006-03-03,3.82,3.78,3.86,3.68,23289,8791465.0,4.7,-1.31,-0.05,3.06
478,2006-03-10,3.76,3.59,3.83,3.56,19065,7047886.0,7.14,-5.03,-0.19,2.51
479,2006-03-17,3.6,3.6,3.66,3.55,13182,4747124.0,3.06,0.28,0.01,1.73
480,2006-03-24,3.58,3.69,3.77,3.56,23914,8748700.0,5.83,2.5,0.09,3.15
481,2006-03-31,3.72,3.88,3.89,3.65,34465,12936514.0,6.5,5.15,0.19,4.54
482,2006-04-07,3.92,3.85,3.94,3.76,50891,19505045.0,4.64,-0.77,-0.03,6.7
483,2006-04-14,3.85,3.93,3.98,3.81,51718,20204764.0,4.42,2.08,0.08,6.81
484,2006-04-21,4.05,4.16,4.32,3.94,106242,43942880.0,9.67,5.85,0.23,13.98
485,2006-04-28,4.2,4.44,4.55,4.2,106881,46209555.0,8.41,6.73,0.28,14.07
486,2006-05-12,4.48,5.24,5.29,4.46,160814,79455818.0,18.69,18.02,0.8,21.16
487,2006-05-26,5.76,5.53,5.76,5.24,83884,45927052.0,9.92,5.53,0.29,11.04
488,2006-06-02,5.59,6.73,7.3,5.57,271528,183295571.0,31.28,21.7,1.2,35.73
489,2006-06-23,5.28,5.06,5.28,4.91,97153,48752040.0,5.5,-24.81,-1.67,9.83
490,2006-06-30,5.05,5.41,5.6,4.98,179534,93986460.0,12.25,6.92,0.35,18.16
491,2006-07-07,5.43,5.22,5.55,5.08,131408,70122808.0,8.69,-3.51,-0.19,13.29
492,2006-07-14,5.18,4.91,5.39,4.62,119115,61085681.0,14.75,-5.94,-0.31,12.05
493,2006-07-21,4.92,4.96,5.27,4.89,96559,48639005.0,7.74,1.02,0.05,9.77
494,2006-07-28,4.92,4.8,5.02,4.75,38656,18883249.0,5.44,-3.23,-0.16,3.91
495,2006-08-04,4.8,3.98,4.8,3.95,48326,20965008.0,17.71,-17.08,-0.82,4.89
496,2006-08-11,3.97,4.27,4.28,3.89,35281,14378174.0,9.8,7.29,0.29,3.57
497,2006-08-18,4.27,4.19,4.31,4.03,49556,20536548.0,6.56,-1.87,-0.08,5.01
498,2006-08-25,4.05,4.18,4.35,4.01,60953,25785771.0,8.11,-0.24,-0.01,6.17
499,2006-09-01,4.17,4.29,4.44,4.16,71640,30764137.0,6.7,2.63,0.11,7.25
500,2006-09-08,4.25,4.23,4.46,4.21,45215,19463609.0,5.83,-1.4,-0.06,4.57
501,2006-09-15,4.27,4.24,4.28,4.07,36076,15028538.0,4.96,0.24,0.01,3.65
502,2006-09-22,4.25,4.16,4.35,4.16,54106,23122653.0,4.48,-1.89,-0.08,5.47
503,2006-09-29,4.19,4.27,4.3,4.08,39956,16759322.0,5.29,2.64,0.11,4.04
504,2006-10-13,4.3,4.39,4.53,4.24,100161,44032623.0,6.79,2.81,0.12,10.13
505,2006-10-20,4.4,4.19,4.43,4.18,82170,34997862.0,5.69,-4.56,-0.2,8.31
506,2006-10-27,4.5,4.29,4.8,4.28,318414,146067163.0,12.41,2.39,0.1,32.21
507,2006-11-03,4.28,4.39,4.49,4.1,76845,33072017.0,9.09,2.33,0.1,7.77
508,2006-11-10,4.38,4.05,4.44,4.01,61013,25548984.0,9.79,-7.74,-0.34,6.17
509,2006-11-17,4.05,3.88,4.06,3.8,50617,19628650.0,6.42,-4.2,-0.17,5.12
510,2006-11-24,3.89,3.96,4.01,3.84,40171,15790989.0,4.38,2.06,0.08,4.06
511,2006-12-01,3.94,4.03,4.1,3.92,60546,24380707.0,4.55,1.77,0.07,6.12
512,2006-12-08,4.01,3.99,4.17,3.9,85582,34746315.0,6.7,-0.99,-0.04,8.66
513,2006-12-15,3.96,4.16,4.26,3.95,118643,49012323.0,7.77,4.26,0.17,12.0
514,2006-12-22,4.16,4.11,4.28,4.06,94068,39131779.0,5.29,-1.2,-0.05,9.51
515,2006-12-29,4.11,4.01,4.16,3.99,61347,24968807.0,4.14,-2.43,-0.1,6.21
516,2007-01-05,4.0,4.11,4.15,3.93,42338,17054789.0,5.49,2.49,0.1,4.28
517,2007-01-12,4.13,4.23,4.58,4.1,173197,75249956.0,11.68,2.92,0.12,17.52
518,2007-01-19,4.25,5.34,5.6,4.25,659423,336148718.0,31.91,26.24,1.11,66.7
519,2007-01-26,5.41,4.96,5.85,4.72,292693,156141224.0,21.16,-7.12,-0.38,29.61
520,2007-02-02,4.96,4.76,5.32,4.73,168544,85344267.0,11.9,-4.03,-0.2,17.05
521,2007-02-09,4.76,5.13,5.18,4.66,110835,54786115.0,10.92,7.77,0.37,11.21
522,2007-02-16,5.13,5.46,5.58,5.08,275440,148872485.0,9.75,6.43,0.33,27.86
523,2007-03-02,5.46,5.52,5.82,5.08,261352,142809882.0,13.55,1.1,0.06,26.44
524,2007-03-09,5.55,5.77,5.95,5.38,241023,137355549.0,10.33,4.53,0.25,24.38
525,2007-03-16,5.75,6.18,6.36,5.53,300241,179871935.0,14.38,7.11,0.41,30.37
526,2007-03-23,5.91,7.19,7.5,5.85,529387,362184655.0,26.7,16.34,1.01,53.55
527,2007-03-30,7.2,6.88,7.53,6.65,290345,208481700.0,12.24,-4.31,-0.31,29.37
528,2007-04-06,6.88,7.32,7.44,6.86,178949,128589807.0,8.43,6.4,0.44,18.1
529,2007-04-13,7.4,7.72,8.11,7.33,323605,250259275.0,10.66,5.46,0.4,32.73
530,2007-04-20,7.75,9.94,9.94,7.72,319171,288718952.0,28.76,28.76,2.22,32.28
531,2007-04-27,10.93,11.51,12.22,10.67,451957,525728108.0,15.59,15.79,1.57,45.71
532,2007-04-30,11.39,11.41,11.62,11.2,73277,83271720.0,3.65,-0.87,-0.1,7.41
533,2007-05-11,11.56,12.81,13.99,11.41,419373,530254130.0,22.61,12.27,1.4,42.42
534,2007-05-18,12.5,12.81,13.8,12.31,270831,351743189.0,11.63,0.0,0.0,27.39
535,2007-05-25,12.3,13.29,13.98,12.1,438229,582400670.0,14.68,3.75,0.48,44.33
536,2007-06-01,13.45,11.15,14.9,11.15,571606,764916294.0,28.22,-16.1,-2.14,57.82
537,2007-06-08,11.14,11.52,11.85,9.04,389743,413635926.0,25.2,3.32,0.37,39.42
538,2007-06-15,11.54,12.38,13.41,11.01,433711,537051101.0,20.83,7.47,0.86,43.87
539,2007-06-22,12.8,12.22,13.23,11.5,319874,402808864.0,13.97,-1.29,-0.16,32.35
540,2007-06-29,12.48,9.38,12.55,9.02,241515,254325045.0,28.89,-23.24,-2.84,24.43
541,2007-07-06,9.38,9.1,10.2,8.33,157999,147319870.0,19.94,-2.99,-0.28,15.98
542,2007-07-13,9.19,8.88,9.49,8.73,128264,116184424.0,8.35,-2.42,-0.22,10.57
543,2007-07-20,8.95,9.45,9.47,8.75,139253,128434078.0,8.11,6.42,0.57,11.48
544,2007-07-27,9.45,10.79,10.89,9.44,254321,263634685.0,15.34,14.18,1.34,20.97
545,2007-08-03,10.8,11.03,11.99,10.68,279407,310757257.0,12.14,2.22,0.24,23.03
546,2007-08-10,10.9,10.28,11.19,10.18,237888,252973855.0,9.16,-6.8,-0.75,19.61
547,2007-08-17,10.31,10.08,10.85,9.9,155678,161233500.0,9.24,-1.95,-0.2,12.83
548,2007-08-23,10.23,11.02,11.36,10.14,262361,285772370.0,12.1,9.33,0.94,21.63
549,2007-08-31,11.11,10.78,11.2,10.15,198968,210567002.0,9.53,-2.18,-0.24,16.4
550,2007-09-07,10.82,10.63,11.28,10.6,249638,273702318.0,6.31,-1.39,-0.15,20.58
551,2007-09-14,10.31,10.37,11.15,9.98,150168,156662641.0,11.01,-2.45,-0.26,12.38
552,2007-09-21,10.37,10.74,11.6,10.37,283219,312561704.0,11.86,3.57,0.37,23.35
553,2007-09-28,10.85,10.66,11.11,10.28,116764,125134572.0,7.73,-0.74,-0.08,9.63
554,2007-10-12,10.75,10.38,11.38,9.97,238644,258268530.0,13.23,-2.63,-0.28,19.67
555,2007-10-19,10.43,9.69,10.43,9.61,112016,111157909.0,7.9,-6.65,-0.69,9.23
556,2007-10-26,9.6,7.65,9.6,7.5,109216,92284563.0,21.67,-21.05,-2.04,9.0
557,2007-11-02,7.65,7.61,8.3,7.0,118717,91744420.0,16.99,-0.52,-0.04,9.79
558,2007-11-08,7.58,7.64,8.3,7.45,43927,34747954.0,11.17,0.39,0.03,3.62
559,2007-11-16,7.6,8.61,9.2,7.4,145791,125469626.0,23.56,12.7,0.97,12.02
560,2007-11-23,8.64,7.95,8.79,7.53,93207,77940165.0,14.63,-7.67,-0.66,7.68
561,2007-11-30,7.97,7.88,8.19,7.71,41133,32762315.0,6.04,-0.88,-0.07,3.39
562,2007-12-07,7.81,8.23,8.38,7.8,47863,38565014.0,7.36,4.44,0.35,3.95
563,2007-12-14,8.13,8.29,8.68,7.96,77297,64619119.0,8.75,0.73,0.06,6.37
564,2007-12-21,8.4,9.28,9.4,8.3,266039,242072782.0,13.27,11.94,0.99,21.93
565,2007-12-28,9.26,9.13,9.57,9.11,156171,145661152.0,4.96,-1.62,-0.15,12.87
566,2008-01-04,9.17,9.67,9.76,9.01,103336,98632138.0,8.21,5.91,0.54,8.52
567,2008-01-11,9.68,9.63,10.36,9.4,212008,211118608.0,9.93,-0.41,-0.04,17.48
568,2008-01-18,9.58,9.31,9.85,8.94,93443,88864403.0,9.45,-3.32,-0.32,7.7
569,2008-01-25,9.3,8.47,9.46,7.8,87301,73867450.0,17.83,-9.02,-0.84,7.2
570,2008-02-01,8.48,8.21,9.06,7.7,190525,164267313.0,16.06,-3.07,-0.26,15.71
571,2008-02-05,8.22,8.62,8.85,8.2,59967,51451591.0,7.92,4.99,0.41,4.94
572,2008-02-15,8.57,8.77,9.05,8.36,53256,46848131.0,8.0,1.74,0.15,4.39
573,2008-02-22,8.82,8.96,9.25,8.63,98493,88264469.0,7.07,2.17,0.19,8.12
574,2008-02-29,8.97,9.1,9.15,8.33,66655,59082507.0,9.15,1.56,0.14,5.49
575,2008-03-07,9.02,9.24,9.95,9.02,118818,112474550.0,10.22,1.54,0.14,9.79
576,2008-03-14,9.2,9.54,10.64,8.91,341916,336491839.0,18.72,3.25,0.3,28.19
577,2008-03-21,9.35,8.57,9.45,7.5,129468,108104566.0,20.44,-10.17,-0.97,10.67
578,2008-03-28,8.88,8.61,8.88,7.85,85673,72219124.0,12.02,0.47,0.04,7.06
579,2008-04-03,8.56,7.01,8.56,6.44,57051,42121205.0,24.62,-18.58,-1.6,4.7
580,2008-04-11,7.03,7.29,7.5,6.65,72075,52002137.0,12.13,3.99,0.28,5.94
581,2008-04-18,7.0,6.91,7.75,6.79,62630,45600277.0,13.17,-5.21,-0.38,5.16
582,2008-04-25,7.36,8.07,8.3,6.36,145334,113102713.0,28.08,16.79,1.16,11.98
583,2008-04-30,7.95,8.25,8.29,7.69,62230,50260463.0,7.43,2.23,0.18,5.13
584,2008-05-09,8.39,8.27,9.04,8.0,129390,111355022.0,12.61,0.24,0.02,10.67
585,2008-05-16,8.26,8.45,9.06,7.88,133991,114857439.0,14.27,2.18,0.18,11.05
586,2008-05-23,8.4,8.49,9.44,8.2,269450,241534360.0,14.67,0.47,0.04,22.21
587,2008-05-30,8.31,8.13,8.48,7.77,91998,74476853.0,8.36,-4.24,-0.36,7.58
588,2008-06-06,8.23,8.89,9.15,8.11,133894,116808555.0,12.79,9.35,0.76,11.04
589,2008-06-13,8.61,8.53,8.88,7.88,96196,81106500.0,11.25,-4.05,-0.36,7.93
590,2008-06-20,8.53,8.81,9.3,7.39,328987,282138851.0,22.39,3.28,0.28,27.12
591,2008-06-27,8.53,9.09,10.2,8.4,441472,413898426.0,20.43,3.18,0.28,32.53
592,2008-07-04,9.17,9.56,9.9,8.58,297857,277223562.0,14.52,5.17,0.47,21.94
593,2008-07-11,9.59,10.32,10.32,9.3,395974,393549905.0,10.67,7.95,0.76,29.17
594,2008-07-18,10.31,9.9,10.7,9.4,453875,460213587.0,12.6,-4.07,-0.42,33.44
595,2008-07-25,9.7,9.64,10.64,9.57,363420,367092249.0,10.81,-2.63,-0.26,26.77
596,2008-08-01,9.68,9.77,9.85,9.3,201895,192742130.0,5.71,1.35,0.13,14.87
597,2008-08-08,9.77,7.29,9.78,7.1,235200,193855014.0,27.43,-25.38,-2.48,17.33
598,2008-08-15,7.07,6.99,7.44,6.5,165210,115676529.0,12.89,-4.12,-0.3,12.17
599,2008-08-22,6.99,6.21,7.17,6.0,154056,102861879.0,16.74,-11.16,-0.78,11.35
600,2008-08-29,6.21,5.51,6.29,5.07,149596,83079306.0,19.65,-11.27,-0.7,11.02
601,2008-09-05,5.48,4.8,5.48,4.79,110780,56835294.0,12.52,-12.89,-0.71,8.16
602,2008-09-12,4.88,4.64,4.95,4.4,93456,42999389.0,11.46,-3.33,-0.16,6.89
603,2008-09-19,4.74,4.94,4.98,4.27,124333,58469143.0,15.3,6.47,0.3,9.16
604,2008-09-26,5.18,4.83,5.43,4.5,158166,77376827.0,18.83,-2.23,-0.11,11.65
605,2008-10-10,4.65,3.97,4.66,3.97,82924,36322869.0,14.29,-17.81,-0.86,6.11
606,2008-10-17,3.99,3.7,4.3,3.65,64433,25375175.0,16.37,-6.8,-0.27,4.75
607,2008-10-24,3.7,3.84,3.96,3.65,50897,19367420.0,8.38,3.78,0.14,3.75
608,2008-10-31,3.75,3.06,3.75,3.06,62798,21125619.0,17.97,-20.31,-0.78,4.63
609,2008-11-07,3.0,3.29,3.54,2.93,76679,24788909.0,19.93,7.52,0.23,5.65
610,2008-11-14,3.33,4.02,4.07,3.3,215732,81118416.0,23.4,22.19,0.73,15.89
611,2008-11-21,4.02,4.19,4.37,3.67,248182,100363004.0,17.41,4.23,0.17,18.28
612,2008-11-28,4.24,3.79,4.35,3.71,296001,119533389.0,15.27,-9.55,-0.4,21.81
613,2008-12-05,3.8,4.75,4.75,3.71,327865,141828097.0,27.44,25.33,0.96,24.16
614,2008-12-12,4.99,4.31,5.05,4.21,253258,119921165.0,17.68,-9.26,-0.44,18.66
615,2008-12-19,4.38,4.48,4.6,4.2,149198,65867508.0,9.28,3.94,0.17,10.99
616,2008-12-26,4.52,3.84,4.53,3.79,105627,43081633.0,16.52,-14.29,-0.64,7.78
617,2008-12-31,3.8,3.63,3.84,3.61,42549,15974146.0,5.99,-5.47,-0.21,3.13
618,2009-01-09,3.7,3.96,4.06,3.69,90496,35256685.0,10.19,9.09,0.33,6.67
619,2009-01-16,3.96,4.29,4.32,3.85,129218,52722605.0,11.87,8.33,0.33,9.52
620,2009-01-23,4.4,4.17,4.42,4.09,107396,45311710.0,7.69,-2.8,-0.12,7.91
621,2009-02-06,4.25,4.75,4.8,4.15,262920,118980576.0,15.59,13.91,0.58,19.37
622,2009-02-13,4.73,5.25,5.3,4.7,339196,168904645.0,12.63,10.53,0.5,24.99
623,2009-02-20,5.29,5.45,6.06,5.2,384593,213778295.0,16.38,3.81,0.2,28.33
624,2009-02-27,5.42,5.12,5.75,4.98,408841,222068602.0,14.13,-6.06,-0.33,30.12
625,2009-03-06,4.65,5.65,5.96,4.61,417252,219961313.0,26.37,10.35,0.53,30.74
626,2009-03-13,5.65,5.18,5.75,4.87,246932,130136191.0,15.58,-8.32,-0.47,18.19
627,2009-03-20,5.18,5.69,5.81,5.12,236109,130904065.0,13.32,9.85,0.51,17.4
628,2009-03-27,5.72,5.73,5.92,5.4,236074,135185413.0,9.14,0.7,0.04,17.39
629,2009-04-02,5.75,5.89,6.18,5.7,247480,147375996.0,8.38,2.79,0.16,18.23
630,2009-04-10,5.86,5.79,5.86,5.45,138446,78825332.0,6.96,-1.7,-0.1,10.2
631,2009-04-17,5.86,6.27,6.45,5.79,343294,212216900.0,11.4,8.29,0.48,25.29
632,2009-04-24,6.77,7.52,8.19,6.4,716772,521594375.0,28.55,19.94,1.25,52.81
633,2009-04-30,7.41,7.5,7.7,7.05,279747,206143822.0,8.64,-0.27,-0.02,20.61
634,2009-05-08,7.5,7.78,8.2,7.5,463168,365438335.0,9.33,3.73,0.28,34.12
635,2009-05-15,7.84,7.73,7.87,7.22,249708,190806961.0,8.35,-0.64,-0.05,18.4
636,2009-05-22,7.7,8.47,9.0,7.55,545329,461916052.0,18.76,9.57,0.74,40.18
637,2009-05-27,8.65,8.22,8.75,8.12,109700,92422574.0,7.44,-2.95,-0.25,8.08
638,2009-06-05,8.3,8.27,8.59,8.16,222162,185702292.0,5.23,0.61,0.05,16.37
639,2009-06-12,8.2,7.92,8.5,7.87,182082,150216394.0,7.62,-4.23,-0.35,13.41
640,2009-06-19,7.88,8.36,8.5,7.88,180256,148260705.0,7.83,5.56,0.44,13.28
641,2009-06-26,8.36,8.21,8.46,8.0,157133,129773345.0,5.5,-1.79,-0.15,11.58
642,2009-07-03,8.18,8.7,9.12,8.18,375672,326305216.0,11.45,5.97,0.49,27.68
643,2009-07-10,8.68,9.16,9.67,8.68,512497,475195737.0,11.38,5.29,0.46,37.76
644,2009-07-17,9.06,9.29,9.64,9.06,366373,340865629.0,6.33,1.42,0.13,26.99
645,2009-07-24,9.29,9.16,9.45,9.02,316574,291639007.0,4.63,-1.4,-0.13,23.32
646,2009-07-31,9.21,10.02,10.02,8.72,573684,544588213.0,14.19,9.39,0.86,42.27
647,2009-08-07,10.13,9.99,10.98,9.9,669403,693886175.0,10.78,-0.3,-0.03,49.32
648,2009-08-14,9.87,8.46,10.06,8.41,330330,304170569.0,16.52,-15.32,-1.53,24.34
649,2009-08-21,8.39,7.84,8.39,7.2,257272,197774014.0,14.07,-7.33,-0.62,18.95
650,2009-08-28,7.85,8.19,8.3,7.12,307446,240408375.0,15.05,4.46,0.35,22.65
651,2009-09-04,8.22,8.17,8.46,7.63,461113,372611148.0,10.13,-0.24,-0.02,33.97
652,2009-09-11,8.17,8.19,8.63,8.0,332319,274802115.0,7.71,0.24,0.02,24.48
653,2009-09-18,8.24,8.78,9.45,8.16,475143,424219017.0,15.75,7.2,0.59,35.01
654,2009-09-25,8.61,7.7,8.99,7.61,165630,138964947.0,15.72,-12.3,-1.08,12.2
655,2009-09-30,7.89,7.44,7.91,7.2,45395,34350926.0,9.22,-3.38,-0.26,3.34
656,2009-10-09,7.6,7.86,7.87,7.53,14861,11523494.0,4.57,5.65,0.42,1.09
657,2009-10-16,7.87,8.33,8.8,7.8,196301,163515919.0,12.72,5.98,0.47,14.46
658,2009-10-23,8.33,8.43,8.73,8.21,234145,198888650.0,6.24,1.2,0.1,17.25
659,2009-10-30,8.5,7.73,8.56,7.65,174140,139512881.0,10.79,-8.3,-0.7,12.83
660,2009-11-06,7.61,8.75,8.8,7.6,374603,318369534.0,15.52,13.2,1.02,27.6
661,2009-11-13,8.76,8.53,8.94,8.28,229413,198517467.0,7.54,-2.51,-0.22,16.9
662,2009-11-20,8.56,9.15,9.69,8.56,557936,504510279.0,13.25,7.27,0.62,41.11
663,2009-11-27,9.06,8.16,9.33,8.06,283637,249128846.0,13.88,-10.82,-0.99,20.9
664,2009-12-04,8.18,9.54,9.85,8.18,521304,478652755.0,20.47,16.91,1.38,38.41
665,2009-12-11,9.34,8.86,9.45,8.78,296296,269662830.0,7.02,-7.13,-0.68,21.83
666,2009-12-18,8.87,8.28,9.17,8.25,178730,158086906.0,10.38,-6.55,-0.58,13.17
667,2009-12-25,8.38,8.4,8.48,8.03,89578,74043443.0,5.43,1.45,0.12,6.6
668,2009-12-31,8.4,8.58,8.64,8.38,89874,76612821.0,3.1,2.14,0.18,6.62
669,2010-01-08,8.68,8.95,9.25,8.47,234561,207065270.0,9.09,4.31,0.37,17.28
670,2010-01-15,8.83,8.83,8.98,8.6,197763,173601308.0,4.25,-1.34,-0.12,14.57
671,2010-01-22,8.83,8.79,9.17,8.53,227302,203041864.0,7.25,-0.45,-0.04,16.75
672,2010-01-29,8.6,7.78,8.89,7.71,115383,94140996.0,13.42,-11.49,-1.01,8.5
673,2010-02-05,7.84,7.61,7.86,7.21,84284,64072868.0,8.35,-2.19,-0.17,6.21
674,2010-02-12,7.6,7.84,7.9,7.6,54194,42132789.0,3.94,3.02,0.23,3.99
675,2010-02-26,7.78,8.45,8.9,7.73,164815,137824306.0,14.92,7.78,0.61,12.14
676,2010-03-05,8.38,8.26,8.87,8.09,165862,140732560.0,9.23,-2.25,-0.19,12.22
677,2010-03-12,8.3,8.27,8.85,8.2,143991,122007478.0,7.87,0.12,0.01,10.61
678,2010-03-19,8.27,8.58,8.73,8.12,124022,104857432.0,7.38,3.75,0.31,9.14
679,2010-03-26,8.51,8.47,8.67,8.3,112713,96198803.0,4.31,-1.28,-0.11,8.3
680,2010-04-02,8.5,8.75,8.85,8.46,153039,133031137.0,4.6,3.31,0.28,11.28
681,2010-04-09,8.8,8.92,8.95,8.68,131868,116001022.0,3.09,1.94,0.17,9.72
682,2010-04-16,8.92,9.18,9.25,8.57,244125,219406147.0,7.62,2.91,0.26,17.99
683,2010-04-23,9.17,9.26,9.45,8.32,351120,315450911.0,12.31,0.87,0.08,25.87
684,2010-04-30,9.23,8.87,9.48,8.6,308652,283128991.0,9.5,-4.21,-0.39,22.74
685,2010-05-07,8.7,8.81,9.53,8.59,353330,325383702.0,10.6,-0.68,-0.06,26.03
686,2010-05-14,8.8,7.53,8.99,7.23,218353,173185103.0,19.98,-14.53,-1.28,16.09
687,2010-05-21,7.52,7.04,7.52,6.63,167546,117298390.0,11.82,-6.51,-0.49,12.34
688,2010-05-28,7.08,7.4,7.48,7.08,157275,114843947.0,5.68,5.11,0.36,11.59
689,2010-06-04,7.41,7.2,7.42,6.88,108544,77365109.0,7.3,-2.7,-0.2,8.0
690,2010-06-11,7.05,7.23,7.38,6.89,111730,80335800.0,6.81,0.42,0.03,8.23
691,2010-06-18,7.28,7.05,7.58,7.0,75793,55719500.0,8.02,-2.49,-0.18,5.58
692,2010-06-25,7.05,7.21,7.36,7.03,94306,68091109.0,4.68,2.27,0.16,4.66
693,2010-07-02,7.15,6.53,7.3,5.96,115784,77863210.0,18.59,-9.43,-0.68,5.72
694,2010-07-09,6.45,6.76,6.78,6.33,84864,55812667.0,6.89,3.52,0.23,4.19
695,2010-07-16,6.7,6.72,6.85,6.45,79892,53584558.0,5.92,-0.59,-0.04,3.95
696,2010-07-23,6.72,7.08,7.27,6.66,148037,103836757.0,9.08,5.36,0.36,7.32
697,2010-07-30,7.14,7.41,7.48,7.11,222179,163280506.0,5.23,4.66,0.33,10.98
698,2010-08-06,7.43,7.58,7.58,7.15,188527,140037855.0,5.8,2.29,0.17,9.32
699,2010-08-13,7.55,7.47,7.76,7.27,183573,137414706.0,6.46,-1.45,-0.11,9.07
700,2010-08-20,7.39,8.04,8.27,7.39,385245,305242839.0,11.78,7.63,0.57,19.04
701,2010-08-27,8.04,7.66,8.21,7.56,204554,160785665.0,8.08,-4.73,-0.38,10.11
702,2010-09-03,7.72,8.31,8.56,7.67,332003,270783592.0,11.62,8.49,0.65,16.41
703,2010-09-10,8.29,8.2,8.46,8.0,177370,146075704.0,5.54,-1.32,-0.11,8.77
704,2010-09-17,8.16,7.97,8.49,7.87,169307,139401442.0,7.56,-2.8,-0.23,8.37
705,2010-09-21,7.99,8.06,8.2,7.81,46334,37236093.0,4.89,1.13,0.09,2.29
706,2010-09-30,8.04,8.61,8.83,8.0,261019,223056938.0,10.3,6.82,0.55,12.9
707,2010-10-08,8.59,8.62,8.79,8.55,57931,49902308.0,2.79,0.12,0.01,2.86
708,2010-10-15,8.62,8.38,9.09,8.3,282633,245084695.0,9.16,-2.78,-0.24,13.97
709,2010-10-22,8.39,8.73,8.94,8.2,196045,167853588.0,8.83,4.18,0.35,9.69
710,2010-10-29,8.8,9.03,9.33,8.51,350760,312495770.0,9.39,3.44,0.3,17.34
711,2010-11-05,9.18,9.39,9.64,9.15,365402,343198949.0,5.43,3.99,0.36,18.06
712,2010-11-12,9.4,9.91,11.02,9.23,554760,564429206.0,19.06,5.54,0.52,27.42
713,2010-11-19,9.96,10.79,11.66,9.21,728368,768814753.0,24.72,8.88,0.88,36.0
714,2010-11-26,10.84,11.68,11.71,10.59,617120,688306524.0,10.38,8.25,0.89,30.51
715,2010-12-03,11.7,11.79,13.99,11.13,1001756,1244423565.0,24.49,0.94,0.11,49.52
716,2010-12-10,11.66,10.63,11.83,10.25,524792,581569467.0,13.4,-9.84,-1.16,25.94
717,2010-12-17,10.65,11.11,11.71,10.45,497958,554322703.0,11.85,4.52,0.48,24.61
718,2010-12-24,11.08,9.67,11.19,9.56,258072,269941138.0,14.67,-12.96,-1.44,12.76
719,2010-12-31,9.64,11.73,12.0,9.0,857011,954058322.0,31.02,21.3,2.06,42.36
720,2011-01-07,11.6,11.06,11.99,10.89,616345,709140852.0,9.38,-5.71,-0.67,30.47
721,2011-01-14,11.03,9.89,11.06,9.68,396183,412647263.0,12.48,-10.58,-1.17,19.58
722,2011-01-21,9.7,9.56,10.37,9.28,347969,343558258.0,11.02,-3.34,-0.33,17.2
723,2011-01-28,9.54,9.36,9.54,8.82,181296,165960535.0,7.53,-2.09,-0.2,8.96
724,2011-02-01,9.26,9.4,9.7,9.26,91952,87014878.0,4.7,0.43,0.04,4.55
725,2011-02-11,9.3,9.59,9.69,9.06,151478,143062616.0,6.7,2.02,0.19,7.49
726,2011-02-18,9.61,10.28,10.45,9.58,342061,339027028.0,9.07,7.19,0.69,16.91
727,2011-02-25,10.27,9.94,10.7,9.78,386425,394307561.0,8.95,-3.31,-0.34,19.1
728,2011-03-04,9.92,11.25,11.5,9.74,983069,1080327259.0,17.71,13.18,1.31,48.59
729,2011-03-11,11.25,11.94,12.94,11.13,1370666,1676007516.0,16.09,6.13,0.69,67.75
730,2011-03-18,11.82,11.32,11.89,11.2,562109,649134651.0,5.78,-5.19,-0.62,27.79
731,2011-03-25,11.35,10.88,11.87,10.77,536437,605327472.0,9.72,-3.89,-0.44,26.52
732,2011-04-01,10.86,10.85,11.08,10.45,333826,361592209.0,5.79,-0.28,-0.03,16.5
733,2011-04-08,10.71,11.0,11.18,10.5,175193,190900475.0,6.27,1.38,0.15,8.66
734,2011-04-15,10.96,11.49,12.37,10.96,714062,835146149.0,12.82,4.45,0.49,35.3
735,2011-04-22,11.48,12.13,12.31,11.24,395236,466471389.0,9.31,5.57,0.64,19.54
736,2011-04-29,11.96,10.58,11.96,10.13,197717,218915112.0,15.09,-12.78,-1.55,9.77
737,2011-05-06,10.69,10.4,10.82,10.0,114704,119204979.0,7.75,-1.7,-0.18,5.67
738,2011-05-13,10.7,11.23,11.69,10.6,340784,380379257.0,10.48,7.98,0.83,16.85
739,2011-05-20,11.1,11.87,12.12,11.1,395306,459921845.0,9.08,5.7,0.64,19.54
740,2011-05-27,11.8,11.11,12.3,10.5,472127,535377654.0,15.16,-6.4,-0.76,23.34
741,2011-06-03,10.31,10.61,10.75,9.88,333262,343422976.0,7.83,-4.5,-0.5,16.47
742,2011-06-10,10.61,10.84,11.56,10.0,221099,238864903.0,14.7,2.17,0.23,10.93
743,2011-06-17,10.85,10.3,11.59,10.28,293768,324770536.0,12.08,-4.98,-0.54,14.52
744,2011-06-24,10.3,10.78,10.85,10.1,151382,158814099.0,7.28,4.66,0.48,7.48
745,2011-07-01,10.75,10.98,11.5,10.58,332273,366688982.0,8.53,1.86,0.2,16.42
746,2011-07-08,10.75,11.43,11.83,10.69,501849,569299803.0,10.38,4.1,0.45,24.81
747,2011-07-15,11.37,11.81,12.05,11.26,495070,581900930.0,6.91,3.32,0.38,24.47
748,2011-07-22,11.77,11.45,12.35,11.31,538033,636154225.0,8.81,-3.05,-0.36,26.6
749,2011-07-29,11.4,10.77,11.48,10.28,255978,274658538.0,10.48,-5.94,-0.68,12.65
750,2011-08-05,10.77,10.46,11.64,10.35,333255,367259367.0,11.98,-2.88,-0.31,16.47
751,2011-08-12,10.35,9.72,10.35,8.72,174527,167296053.0,15.58,-7.07,-0.74,8.63
752,2011-08-19,9.71,9.26,10.25,8.95,139078,135490321.0,13.37,-4.73,-0.46,6.87
753,2011-08-26,9.25,10.08,10.5,9.09,338797,337989556.0,15.23,8.86,0.82,16.75
754,2011-09-02,9.91,9.57,10.14,9.5,115826,113470205.0,6.35,-5.06,-0.51,5.73
755,2011-09-09,9.4,9.2,9.53,9.01,69027,64355428.0,5.43,-3.87,-0.37,3.41
756,2011-09-16,9.13,9.23,9.45,9.0,47641,44192773.0,4.89,0.33,0.03,2.35
757,2011-09-23,9.24,8.94,9.48,8.82,73276,67199541.0,7.15,-3.14,-0.29,3.62
758,2011-09-30,8.94,8.22,9.06,8.05,57123,48744220.0,11.3,-8.05,-0.72,2.82
759,2011-10-14,8.16,8.54,8.6,8.0,82638,69290778.0,7.3,3.89,0.32,4.08
760,2011-10-21,8.7,7.64,8.7,7.5,60121,48339306.0,14.05,-10.54,-0.9,2.97
761,2011-10-28,7.62,8.21,8.53,7.62,160821,130941653.0,11.91,7.46,0.57,7.95
762,2011-11-04,8.17,8.41,8.65,7.8,153285,126519599.0,10.35,2.44,0.2,7.58
763,2011-11-11,8.41,8.12,8.45,8.06,102201,85088029.0,4.64,-3.45,-0.29,5.05
764,2011-11-18,8.18,8.7,8.94,8.18,258464,222311780.0,9.36,7.14,0.58,12.78
765,2011-11-25,8.66,8.42,10.07,8.4,781091,726020137.0,19.2,-3.22,-0.28,38.61
766,2011-12-02,8.45,8.25,9.0,8.16,328972,280117875.0,9.98,-2.02,-0.17,16.26
767,2011-12-09,8.2,7.37,8.25,7.34,118252,90204473.0,11.03,-10.67,-0.88,5.85
768,2011-12-16,7.35,6.8,7.42,6.31,107851,72425646.0,15.06,-7.73,-0.57,5.33
769,2011-12-23,6.73,6.09,7.02,5.8,107250,68646383.0,17.94,-10.44,-0.71,5.3
770,2011-12-30,6.05,5.86,6.15,5.61,66644,39011547.0,8.87,-3.78,-0.23,3.29
771,2012-01-06,5.92,5.49,5.97,5.29,34879,19484371.0,11.6,-6.31,-0.37,1.72
772,2012-01-12,5.47,5.98,6.1,5.34,92237,54470592.0,13.84,8.93,0.49,4.56
773,2012-01-20,5.76,5.85,6.01,5.55,63308,36653334.0,7.69,-2.17,-0.13,3.13
774,2012-02-03,5.75,6.73,7.01,5.75,245156,160248533.0,21.54,15.04,0.88,12.12
775,2012-02-10,6.75,6.63,6.97,6.38,213213,140803116.0,8.77,-1.49,-0.1,10.54
776,2012-02-17,6.56,6.83,7.1,6.5,223483,152447402.0,9.05,3.02,0.2,11.05
777,2012-02-24,6.9,7.16,7.48,6.65,219008,154660530.0,12.15,4.83,0.33,10.83
778,2012-03-02,7.15,7.13,7.22,6.91,152413,108118757.0,4.33,-0.42,-0.03,7.53
779,2012-03-09,7.28,7.14,7.36,6.86,124231,87734528.0,7.01,0.14,0.01,6.14
780,2012-03-16,7.12,6.8,7.39,6.52,166531,116850622.0,12.18,-4.76,-0.34,8.23
781,2012-03-23,6.78,6.6,6.98,6.53,124478,84713978.0,6.62,-2.94,-0.2,6.15
782,2012-03-30,6.6,5.96,6.65,5.91,66612,41793304.0,11.21,-9.7,-0.64,3.29
783,2012-04-06,5.96,6.2,6.29,5.96,29345,18070940.0,5.54,4.03,0.24,1.45
784,2012-04-12,6.14,6.41,6.44,5.99,60021,37423530.0,7.26,3.39,0.21,2.97
785,2012-04-20,6.39,6.81,7.05,6.32,148967,99814609.0,11.39,6.24,0.4,7.36
786,2012-04-27,6.91,7.08,7.45,6.3,275357,192229278.0,16.89,3.96,0.27,13.61
787,2012-05-04,7.14,7.8,7.99,6.99,398012,306263085.0,14.12,10.17,0.72,19.67
788,2012-05-11,7.7,7.61,8.4,7.6,330184,261321004.0,10.26,-2.44,-0.19,16.32
789,2012-05-18,7.71,7.73,8.2,7.46,232931,180612580.0,9.72,1.58,0.12,11.51
790,2012-05-25,7.75,7.27,7.78,7.23,199180,148218831.0,7.12,-5.95,-0.46,9.85
791,2012-06-01,7.27,7.84,8.27,7.08,217758,167650410.0,16.37,7.84,0.57,10.76
792,2012-06-08,7.6,7.9,7.99,7.3,255764,197823179.0,8.8,0.77,0.06,12.64
793,2012-06-15,7.93,8.14,8.67,7.93,431223,356534117.0,9.37,3.04,0.24,21.32
794,2012-06-21,8.17,8.02,8.37,7.77,163609,132229762.0,7.37,-1.47,-0.12,8.09
795,2012-06-29,8.0,7.69,8.18,7.5,127026,98878167.0,8.48,-4.11,-0.33,6.28
796,2012-07-06,7.8,7.82,7.84,7.55,110825,85443187.0,3.77,1.69,0.13,5.48
797,2012-07-13,7.75,6.36,7.88,6.29,162202,110503889.0,20.33,-18.67,-1.46,8.02
798,2012-07-20,6.3,6.36,6.44,5.92,88819,55481169.0,8.18,0.0,0.0,4.39
799,2012-07-27,6.36,6.2,6.36,6.14,52374,32609276.0,3.46,-2.52,-0.16,2.59
800,2012-08-03,6.2,5.95,6.24,5.75,47240,28113508.0,7.9,-4.03,-0.25,2.34
801,2012-08-10,5.95,6.33,6.33,5.94,67027,41523705.0,6.55,6.39,0.38,3.31
802,2012-08-17,6.32,6.04,6.32,5.97,45122,27515502.0,5.53,-4.58,-0.29,2.23
803,2012-08-24,6.02,6.07,6.19,5.91,50703,30758028.0,4.64,0.5,0.03,2.51
804,2012-08-31,6.05,6.15,6.37,5.92,64132,39091597.0,7.41,1.32,0.08,3.17
805,2012-09-07,6.09,6.54,6.6,6.07,108043,68106082.0,8.62,6.34,0.39,5.34
806,2012-09-14,6.49,6.34,6.55,6.29,81457,52413394.0,3.98,-3.06,-0.2,4.03
807,2012-09-21,6.33,5.99,6.38,5.92,49228,30016771.0,7.26,-5.52,-0.35,2.43
808,2012-09-28,5.95,6.01,6.07,5.75,41258,24559741.0,5.34,0.33,0.02,2.04
809,2012-10-12,6.03,6.41,6.68,5.94,157129,101122233.0,12.31,6.66,0.4,7.77
810,2012-10-19,6.38,6.33,6.46,6.22,77633,49286305.0,3.74,-1.25,-0.08,3.84
811,2012-10-26,6.27,6.27,6.49,6.21,74790,47367399.0,4.42,-0.95,-0.06,3.7
812,2012-11-02,6.27,6.44,6.5,6.15,68626,43558433.0,5.58,2.71,0.17,3.39
813,2012-11-09,6.47,6.8,6.99,6.45,197281,132351512.0,8.39,5.59,0.36,9.75
814,2012-11-16,6.75,6.62,7.16,6.55,160876,110219603.0,8.97,-2.65,-0.18,7.95
815,2012-11-23,6.62,6.64,6.72,6.35,65694,42831815.0,5.59,0.3,0.02,3.25
816,2012-11-30,6.61,6.06,6.72,5.98,59703,37631682.0,11.14,-8.73,-0.58,2.95
817,2012-12-07,6.09,6.24,6.33,5.91,47105,28986879.0,6.93,2.97,0.18,2.33
818,2012-12-14,6.25,6.35,6.37,6.11,62682,39267370.0,4.17,1.76,0.11,3.1
819,2012-12-21,6.34,6.48,6.59,6.28,79739,51364038.0,4.88,2.05,0.13,3.94
820,2012-12-28,6.59,6.65,6.94,6.55,125718,84837035.0,6.02,2.62,0.17,6.21
821,2013-01-04,6.66,6.69,6.74,6.6,29990,19965072.0,2.11,0.6,0.04,1.48
822,2013-01-11,6.69,6.52,6.93,6.5,95243,64171617.0,6.43,-2.54,-0.17,4.71
823,2013-01-18,6.51,6.98,7.1,6.48,117621,80942164.0,9.51,7.06,0.46,5.81
824,2013-01-25,7.03,6.78,7.09,6.6,92179,63467910.0,7.02,-2.87,-0.2,4.56
825,2013-02-01,6.8,6.96,7.07,6.72,80562,55814206.0,5.16,2.65,0.18,3.98
826,2013-02-08,6.96,7.63,7.71,6.91,154498,114480259.0,11.49,9.63,0.67,7.64
827,2013-05-24,8.39,7.79,8.68,7.65,298831,241527421.0,13.5,2.1,0.16,14.77
828,2013-05-31,7.75,7.58,7.81,7.46,241100,183975028.0,4.49,-2.7,-0.21,11.92
829,2013-06-07,7.54,7.09,7.79,7.07,131706,97965000.0,9.5,-6.46,-0.49,6.51
830,2013-06-14,6.95,6.94,7.02,6.66,49805,34060843.0,5.08,-2.12,-0.15,2.46
831,2013-06-21,7.03,6.71,7.43,6.5,178723,125790476.0,13.4,-3.31,-0.23,8.83
832,2013-06-28,6.69,6.03,6.69,5.53,115094,70001455.0,17.29,-10.13,-0.68,5.69
833,2013-07-05,6.0,6.19,6.4,5.96,122401,76433249.0,7.3,2.65,0.16,6.05
834,2013-07-12,6.11,6.16,6.24,5.83,89502,54090180.0,6.62,-0.48,-0.03,4.42
835,2013-07-19,6.16,6.07,6.47,5.99,112844,70463186.0,7.79,-1.46,-0.09,5.58
836,2013-07-26,6.04,6.11,6.28,5.96,77817,47869411.0,5.27,0.66,0.04,3.85
837,2013-08-02,6.03,6.2,6.26,5.9,75782,45946724.0,5.89,1.47,0.09,3.75
838,2013-08-09,6.18,6.24,6.43,6.15,131366,82198572.0,4.52,0.65,0.04,6.49
839,2013-08-16,6.21,6.15,6.44,6.15,134353,85130651.0,4.65,-1.44,-0.09,6.64
840,2013-08-23,6.14,6.68,6.75,6.07,159311,102922046.0,11.06,8.62,0.53,7.87
841,2013-08-30,6.62,6.51,7.17,6.5,307747,210866340.0,10.03,-2.54,-0.17,15.21
842,2013-09-06,6.52,6.58,6.75,6.41,100049,66059536.0,5.22,1.08,0.07,4.95
843,2013-09-13,6.55,6.76,6.81,6.51,168877,112856697.0,4.56,2.74,0.18,8.35
844,2013-09-18,6.76,6.5,6.85,6.44,60494,40019636.0,6.07,-3.85,-0.26,2.99
845,2013-09-27,6.53,6.44,6.65,6.4,70956,46491653.0,3.85,-0.92,-0.06,3.51
846,2013-09-30,6.45,6.52,6.53,6.42,7734,5008058.0,1.71,1.24,0.08,0.38
847,2013-10-11,6.5,6.78,6.8,6.47,72937,48769603.0,5.06,3.99,0.26,3.61
848,2013-10-18,6.75,6.76,6.94,6.69,150375,102311092.0,3.69,-0.29,-0.02,7.43
849,2013-10-25,6.79,6.39,7.04,6.33,157187,105931085.0,10.5,-5.47,-0.37,7.77
850,2013-11-01,6.25,6.32,6.52,6.12,72217,45737366.0,6.26,-1.1,-0.07,3.57
851,2013-11-08,6.33,6.19,6.47,6.13,57677,36461564.0,5.38,-2.06,-0.13,2.85
852,2013-11-15,6.17,6.31,6.33,6.1,35571,22161051.0,3.72,1.94,0.12,1.76
853,2013-11-22,6.31,6.46,6.7,6.31,75371,48762582.0,6.18,2.38,0.15,3.73
854,2013-11-29,6.45,6.69,6.7,6.4,72565,47381724.0,4.64,3.56,0.23,3.59
855,2013-12-06,6.68,7.35,7.98,6.61,800101,592033042.0,20.48,9.87,0.66,39.55
856,2013-12-13,7.18,7.54,8.14,7.17,905774,695839440.0,13.2,2.59,0.19,44.77
857,2013-12-20,7.4,7.54,7.91,7.31,597305,456414930.0,7.96,0.0,0.0,29.53
858,2013-12-27,7.47,8.09,8.35,7.47,1385857,1124982884.0,11.67,7.29,0.55,68.51
859,2014-01-03,8.1,7.0,8.2,6.97,605014,455705340.0,15.2,-13.47,-1.09,29.91
860,2014-01-10,7.0,6.22,7.06,6.12,258668,170302908.0,13.43,-11.14,-0.78,12.79
861,2014-01-17,6.19,6.12,6.46,6.1,134827,84852587.0,5.79,-1.61,-0.1,6.66
862,2014-01-24,6.14,6.24,6.27,5.95,110924,67955831.0,5.23,1.96,0.12,5.48
863,2014-01-30,6.2,6.08,6.32,6.03,77785,48078449.0,4.65,-2.56,-0.16,3.85
864,2014-02-07,6.02,6.17,6.18,6.01,14814,9046313.0,2.8,1.48,0.09,0.73
865,2014-02-14,6.16,6.51,6.62,6.16,192587,123564354.0,7.46,5.51,0.34,9.52
866,2014-02-21,6.52,6.4,6.72,6.36,157380,103178874.0,5.53,-1.69,-0.11,7.78
867,2014-02-28,6.4,6.62,6.68,6.01,193496,123170857.0,10.47,3.44,0.22,9.56
868,2014-03-07,6.59,6.39,6.76,6.33,179509,117755722.0,6.5,-3.47,-0.23,8.87
869,2014-03-14,6.29,6.2,6.38,6.1,95186,59148995.0,4.38,-2.97,-0.19,4.71
870,2014-03-21,6.22,6.37,6.43,6.15,97532,61683711.0,4.52,2.74,0.17,4.82
871,2014-03-28,6.38,6.28,6.57,6.27,100971,65068792.0,4.71,-1.41,-0.09,4.99
872,2014-04-04,6.34,6.49,6.58,6.2,77445,49585676.0,6.05,3.34,0.21,3.83
873,2014-04-11,6.49,6.54,6.57,6.45,77417,50385169.0,1.85,0.77,0.05,3.83
874,2014-04-18,6.54,6.9,7.2,6.51,308591,212766893.0,10.55,5.5,0.36,15.25
875,2014-04-25,6.9,6.31,7.04,6.28,151781,101715935.0,11.01,-8.55,-0.59,7.5
876,2014-04-30,6.31,6.42,6.45,6.11,51176,32229151.0,5.39,1.74,0.11,2.53
877,2014-05-09,6.37,6.37,6.5,6.28,78586,50167775.0,3.43,-0.78,-0.05,3.88
878,2014-05-16,6.41,6.36,6.56,6.29,83591,53990314.0,4.24,-0.16,-0.01,4.13
879,2014-05-23,6.35,6.62,6.78,6.29,114917,75547472.0,7.7,4.09,0.26,5.68
880,2014-05-30,6.63,6.56,6.67,6.51,86779,57172485.0,2.42,-0.91,-0.06,4.29
881,2014-06-06,6.57,6.55,6.64,6.41,64482,42059549.0,3.51,-0.15,-0.01,3.19
882,2014-06-13,6.55,6.68,6.71,6.48,87954,58197472.0,3.51,1.98,0.13,4.35
883,2014-06-20,6.68,6.41,6.74,6.3,79316,52016233.0,6.59,-4.04,-0.27,3.92
884,2014-06-27,6.41,6.63,6.65,6.4,66152,43286052.0,3.9,3.43,0.22,3.27
885,2014-07-04,6.64,6.85,7.41,6.61,300823,209653186.0,12.07,3.32,0.22,14.87
886,2014-07-11,6.9,7.03,7.14,6.81,234277,163769244.0,4.82,2.63,0.18,11.58
887,2014-07-18,7.03,6.95,7.14,6.89,137948,96855867.0,3.56,-1.14,-0.08,6.82
888,2014-07-25,6.92,7.12,7.15,6.89,155310,109378649.0,3.74,2.45,0.17,7.68
889,2014-08-01,7.14,7.25,7.44,7.11,238314,172982200.0,4.63,1.83,0.13,11.78
890,2014-08-08,7.25,7.21,7.42,7.17,154645,112640657.0,3.45,-0.55,-0.04,7.64
891,2014-08-15,7.23,7.43,7.47,7.2,157577,115815030.0,3.74,3.05,0.22,7.79
892,2014-08-22,7.46,7.68,7.74,7.41,188809,143368312.0,4.44,3.36,0.25,9.33
893,2014-08-29,7.69,7.57,7.94,7.43,262139,202293545.0,6.64,-1.43,-0.11,12.96
894,2014-09-05,7.55,7.98,8.05,7.55,230240,180832895.0,6.61,5.42,0.41,11.38
895,2014-09-12,7.98,8.4,8.4,7.91,192630,157115644.0,6.14,5.26,0.42,9.52
896,2014-09-19,8.5,8.7,9.05,8.1,315738,271441533.0,11.31,3.57,0.3,15.61
897,2014-09-26,8.63,8.81,9.05,8.41,227988,199171491.0,7.36,1.26,0.11,11.27
898,2014-09-30,8.92,8.98,9.03,8.8,70835,63146043.0,2.61,1.93,0.17,3.5
899,2014-10-10,9.04,8.9,9.2,8.8,117428,105621528.0,4.45,-0.89,-0.08,5.8
900,2014-10-17,8.85,8.47,8.93,8.3,185450,162019637.0,7.08,-4.83,-0.43,9.17
901,2014-10-24,8.5,8.2,8.68,8.11,123559,103717750.0,6.73,-3.19,-0.27,6.11
902,2014-10-31,8.15,8.87,8.93,8.07,195236,168927599.0,10.49,8.17,0.67,9.65
903,2014-11-07,8.88,8.91,9.1,8.79,154197,138196890.0,3.49,0.45,0.04,7.62
904,2014-11-14,8.91,8.43,9.05,8.32,134869,116487086.0,8.19,-5.39,-0.48,6.67
905,2014-11-21,8.43,8.98,9.03,8.39,128008,112419827.0,7.59,6.52,0.55,6.33
906,2014-11-28,9.0,8.98,9.19,8.86,184861,167403991.0,3.67,0.0,0.0,9.14
907,2014-12-05,9.0,8.84,9.7,8.52,291582,269831469.0,13.14,-1.56,-0.14,14.41
908,2014-12-12,8.75,9.81,10.7,8.35,661970,638432300.0,26.58,10.97,0.97,32.72
909,2014-12-19,9.7,9.24,10.26,8.86,439259,420550494.0,14.27,-5.81,-0.57,21.71
910,2014-12-26,9.23,9.03,9.38,8.51,304460,270111529.0,9.42,-2.27,-0.21,15.05
911,2014-12-31,9.0,8.65,9.27,8.4,199403,177573583.0,9.63,-4.21,-0.38,9.86
912,2015-01-09,8.59,8.7,9.18,8.34,253167,221512257.0,9.71,0.58,0.05,12.51
913,2015-01-16,8.66,8.44,8.66,8.31,122686,103149331.0,4.02,-2.99,-0.26,6.06
914,2015-01-23,8.3,8.49,8.64,7.89,216873,181665476.0,8.89,0.59,0.05,10.72
915,2015-01-30,8.5,9.04,9.48,8.45,400494,361249761.0,12.13,6.48,0.55,19.8
916,2015-02-06,9.06,9.16,9.59,8.81,413879,384885573.0,8.63,1.33,0.12,20.46
917,2015-02-13,9.12,9.16,9.28,8.79,283392,254952144.0,5.35,0.0,0.0,14.01
918,2015-02-17,9.16,9.27,9.33,9.07,98219,90491750.0,2.84,1.2,0.11,4.86
919,2015-02-27,9.2,9.37,9.44,9.2,134862,125485244.0,2.59,1.08,0.1,6.67
920,2015-03-06,9.44,9.77,9.87,9.29,404198,388171054.0,6.19,4.27,0.4,19.98
921,2015-03-13,9.75,9.78,10.13,9.55,287089,281227791.0,5.94,0.1,0.01,14.19
922,2015-03-20,9.83,10.33,10.51,9.81,356244,362811703.0,7.16,5.62,0.55,17.61
923,2015-03-25,10.35,10.79,10.89,10.14,291973,308018077.0,7.26,4.45,0.46,14.43
924,2015-10-16,10.85,12.3,12.89,10.85,922478,1110834896.0,18.91,13.99,1.51,45.6
925,2015-10-23,12.16,11.56,12.44,10.56,1255070,1454671717.0,15.28,-6.02,-0.74,62.04
926,2015-10-30,11.76,12.61,13.33,11.51,1037949,1289878918.0,15.74,9.08,1.05,51.31
927,2015-11-06,12.12,14.57,14.77,11.98,982897,1326826102.0,22.13,15.54,1.96,48.59
928,2015-11-13,14.5,13.44,14.79,13.34,695361,980241344.0,9.95,-7.76,-1.13,34.37
929,2015-11-20,13.43,16.11,16.5,13.28,758409,1126680911.0,23.96,19.87,2.67,37.49
930,2015-11-27,15.85,15.22,16.58,14.88,802676,1261743634.0,10.55,-5.52,-0.89,39.68
931,2015-12-04,7.59,8.78,9.14,6.98,2804757,2300474077.0,14.19,-42.31,-6.44,69.32
932,2015-12-11,8.65,7.75,8.78,7.56,1883965,1536570556.0,13.9,-11.73,-1.03,46.56
933,2015-12-18,7.68,7.88,8.14,7.4,1142917,891912654.0,9.55,1.68,0.13,28.25
934,2015-12-25,7.85,8.21,8.37,7.77,983913,796482783.0,7.61,4.19,0.33,24.32
935,2015-12-31,8.22,7.91,8.28,7.7,594876,477732549.0,7.06,-3.65,-0.3,14.7
936,2016-01-08,7.9,6.39,7.91,6.01,618997,426306204.0,24.02,-19.22,-1.52,15.3
937,2016-01-15,6.28,5.6,6.33,5.31,483162,280624203.0,15.96,-12.36,-0.79,11.94
938,2016-01-22,5.5,5.83,6.3,5.45,545856,323938672.0,15.18,4.11,0.23,13.49
939,2016-01-29,5.92,5.33,6.03,5.05,455675,250742755.0,16.81,-8.58,-0.5,11.26
940,2016-02-05,5.32,5.89,6.08,5.12,417979,234674988.0,18.01,10.51,0.56,10.33
941,2016-02-19,5.65,6.04,6.21,5.55,424636,254040998.0,11.21,2.55,0.15,10.5
942,2016-02-26,6.09,5.64,6.29,5.56,438593,263342046.0,12.09,-6.62,-0.4,10.84
943,2016-03-04,5.63,5.77,6.04,5.19,384824,216057190.0,15.07,2.3,0.13,9.51
944,2016-03-11,5.83,5.75,5.97,5.65,263977,153266545.0,5.55,-0.35,-0.02,6.52
945,2016-03-18,5.8,6.39,6.48,5.8,509310,312958401.0,11.83,11.13,0.64,12.59
946,2016-03-25,6.47,6.82,6.93,6.34,687061,457928222.0,9.23,6.73,0.43,16.98
947,2016-04-01,6.85,7.2,7.29,6.3,713651,492127950.0,14.52,5.57,0.38,17.64
948,2016-04-08,7.32,7.45,7.69,7.15,555439,412427445.0,7.5,3.47,0.25,13.73
949,2016-04-15,7.49,7.89,7.97,7.49,631581,489379322.0,6.44,5.91,0.44,15.61
950,2016-04-22,7.86,7.11,7.86,6.92,586461,432586781.0,11.91,-9.89,-0.78,14.49
951,2016-04-29,7.08,7.61,7.66,7.01,398574,294437517.0,9.14,7.03,0.5,9.85
952,2016-05-06,7.6,7.21,7.97,7.18,407301,312614494.0,10.38,-5.26,-0.4,10.07
953,2016-05-13,7.08,6.39,7.15,6.17,426817,282468443.0,13.59,-11.37,-0.82,10.55
954,2016-05-20,6.37,6.74,6.84,6.33,353309,233548970.0,7.98,5.48,0.35,8.73
955,2016-05-27,6.74,6.76,6.84,6.43,257503,172214486.0,6.08,0.3,0.02,6.36
956,2016-06-03,6.76,7.71,7.86,6.58,746174,560735601.0,18.93,14.05,0.95,18.44
957,2016-06-08,7.72,7.98,8.14,7.52,329241,256800229.0,8.04,3.5,0.27,8.14
958,2016-06-17,7.86,7.78,8.15,7.03,595051,451602314.0,14.04,-2.51,-0.2,14.71
959,2016-06-24,7.67,7.3,8.05,7.06,479045,363870500.0,12.72,-6.17,-0.48,11.84
960,2016-07-01,7.2,7.46,7.61,7.16,342820,255749352.0,6.16,2.19,0.16,8.47
961,2016-07-08,7.4,7.7,7.75,7.4,435967,331363028.0,4.69,3.22,0.24,10.78
962,2016-07-15,7.75,7.7,7.9,7.43,489753,375831271.0,6.1,0.0,0.0,12.1
963,2016-07-22,7.69,7.48,7.73,7.46,361033,274578610.0,3.51,-2.86,-0.22,8.92
964,2016-07-29,7.45,7.17,7.6,6.95,350040,256086761.0,8.69,-4.14,-0.31,8.65
965,2016-08-05,7.15,7.14,7.27,6.97,207605,148715444.0,4.18,-0.42,-0.03,5.13
966,2016-08-12,7.14,7.18,7.39,7.11,167728,121431907.0,3.92,0.56,0.04,4.15
967,2016-08-19,7.2,7.37,7.47,7.18,271769,200585506.0,4.04,2.65,0.19,6.72
968,2016-08-26,7.38,7.31,7.49,7.21,267496,196941194.0,3.8,-0.81,-0.06,6.61
969,2016-09-02,7.32,7.32,7.48,7.22,250746,184856222.0,3.56,0.14,0.01,6.2
970,2016-09-09,7.31,7.59,7.68,7.29,344825,259843116.0,5.33,3.69,0.27,8.52
971,2016-09-14,7.36,7.32,7.45,7.17,157742,115250820.0,3.69,-3.56,-0.27,3.9
972,2016-09-23,7.31,7.57,7.64,7.29,267871,201958009.0,4.78,3.42,0.25,6.62
973,2016-09-30,7.58,7.61,7.64,7.22,266343,198943692.0,5.55,0.53,0.04,6.58
974,2016-10-14,7.63,7.79,7.95,7.57,447605,349109191.0,4.99,2.37,0.18,11.06
975,2016-10-21,7.79,7.93,7.94,7.59,407142,316897104.0,4.49,1.8,0.14,10.06
976,2016-10-28,7.93,8.08,8.2,7.83,633871,507471490.0,4.67,1.89,0.15,15.67
977,2016-11-04,8.01,7.78,8.04,7.67,507266,396353968.0,4.58,-3.71,-0.3,12.54
978,2016-11-11,7.76,8.12,8.18,7.71,561664,448190290.0,6.04,4.37,0.34,13.88
979,2016-11-18,8.16,8.19,8.58,8.07,600896,496030589.0,6.28,0.86,0.07,14.85
980,2016-11-25,8.17,9.12,9.7,8.15,1207317,1092293391.0,18.93,11.36,0.93,29.84
981,2016-12-02,9.12,8.13,9.12,8.07,732281,635573799.0,11.51,-10.86,-0.99,18.1
982,2016-12-09,8.05,8.27,8.34,8.0,317116,260091067.0,4.18,1.72,0.14,7.84
983,2016-12-16,8.2,7.97,8.26,7.58,368361,291244699.0,8.22,-3.63,-0.3,9.1
984,2016-12-23,7.99,7.8,8.26,7.74,400337,322543340.0,6.52,-2.13,-0.17,9.89
985,2016-12-30,7.82,8.14,8.27,7.65,344681,278551330.0,7.95,4.36,0.34,8.52
986,2017-01-06,8.2,8.36,8.57,8.15,337506,282650126.0,5.16,2.7,0.22,8.34
987,2017-01-13,8.31,8.3,8.84,8.23,541547,461501813.0,7.3,-0.72,-0.06,13.38
988,2017-01-20,8.31,7.79,8.31,7.52,290492,227463463.0,9.52,-6.14,-0.51,7.18
989,2017-01-26,7.75,8.37,8.4,7.74,248425,203881265.0,8.47,7.45,0.58,6.14
990,2017-02-03,8.3,8.41,8.44,8.28,41502,34710053.0,1.91,0.48,0.04,1.03
991,2017-02-10,8.37,8.48,8.74,8.26,313085,265812783.0,5.71,0.83,0.07,7.74
992,2017-02-17,8.45,8.41,8.59,8.15,348152,291848660.0,5.19,-0.83,-0.07,8.6
993,2017-02-24,8.4,8.58,8.68,8.27,321146,272635430.0,4.88,2.02,0.17,7.94
994,2017-03-03,8.56,8.6,8.98,8.34,444907,383540759.0,7.46,0.23,0.02,11.0
995,2017-03-10,8.56,8.65,9.0,8.55,314295,275428167.0,5.23,0.58,0.05,7.77
996,2017-03-17,8.69,8.56,8.71,8.39,271029,232160138.0,3.7,-1.04,-0.09,6.7
997,2017-03-24,8.5,8.71,8.78,8.35,375399,322122150.0,5.02,1.75,0.15,9.28
998,2017-03-31,8.74,9.42,10.08,8.73,1586393,1471594804.0,15.5,8.15,0.71,39.21
999,2017-04-07,9.44,10.02,10.5,9.1,869970,862570797.0,14.86,6.37,0.6,21.5
1000,2017-04-14,9.96,9.41,10.26,9.34,751571,737560539.0,9.18,-6.09,-0.61,18.58
1001,2017-04-21,9.41,8.77,9.61,8.62,513810,467049030.0,10.52,-6.8,-0.64,12.7
1002,2017-04-28,8.85,9.27,9.32,8.25,692774,618641576.0,12.2,5.7,0.5,17.12
1003,2017-05-05,9.24,8.73,9.42,8.7,367302,332955485.0,7.77,-5.83,-0.54,9.08
1004,2017-05-12,8.62,8.94,9.13,8.46,429783,379303335.0,7.67,2.41,0.21,10.62
1005,2017-05-19,8.94,8.71,9.15,8.64,459599,408941612.0,5.7,-2.57,-0.23,11.36
1006,2017-05-26,8.7,8.14,8.74,8.11,376124,317383185.0,7.23,-6.54,-0.57,9.3
1007,2017-06-02,8.22,8.12,8.3,7.82,182806,147949808.0,5.9,-0.25,-0.02,4.52
1008,2017-06-09,8.12,8.06,8.25,7.94,258595,209539810.0,3.82,-0.74,-0.06,6.39
1009,2017-06-16,8.07,7.93,8.07,7.6,252108,198328002.0,5.83,-1.61,-0.13,6.23
1010,2017-06-23,7.93,7.79,8.06,7.63,179826,142061359.0,5.42,-1.77,-0.14,4.44
1011,2017-06-30,7.81,7.89,7.9,7.67,196720,153090103.0,2.95,1.28,0.1,4.86
1012,2017-07-07,7.89,7.86,7.95,7.72,169088,132577520.0,2.92,-0.38,-0.03,4.18
1013,2017-07-14,7.85,7.63,7.85,7.5,170276,130470159.0,4.45,-2.93,-0.23,4.21
1014,2017-07-21,7.63,7.11,7.63,6.87,248054,175978278.0,9.96,-6.82,-0.52,6.13
1015,2017-07-28,7.12,7.3,7.33,7.07,157264,113087214.0,3.66,2.67,0.19,3.89
1016,2017-08-04,7.3,7.25,7.39,7.17,159211,115452494.0,3.01,-0.68,-0.05,3.94
1017,2017-08-11,7.25,7.07,7.35,7.06,143253,103172287.0,4.0,-2.48,-0.18,3.54
1018,2017-08-18,7.03,7.37,7.63,7.03,279566,206174498.0,8.49,4.24,0.3,6.91
1019,2017-08-25,7.39,7.68,8.05,7.27,230755,173416214.0,10.58,4.21,0.31,5.7
1020,2017-09-01,7.7,7.85,7.92,7.58,253061,196863997.0,4.43,2.21,0.17,6.25
1021,2017-09-08,7.77,7.72,8.02,7.69,180593,141474226.0,4.2,-1.66,-0.13,4.46
1022,2017-09-15,7.72,7.65,7.79,7.48,154085,118005067.0,4.02,-0.91,-0.07,3.81
1023,2017-09-22,7.59,7.48,7.67,7.39,116107,87523493.0,3.66,-2.22,-0.17,2.87
1024,2017-09-29,7.46,7.4,7.47,7.11,96919,70692031.0,4.81,-1.07,-0.08,2.4
1025,2017-10-13,7.44,7.4,7.56,7.34,101933,75831933.0,2.97,0.0,0.0,2.52
1026,2017-10-20,7.42,7.18,7.43,7.06,93407,67363504.0,5.0,-2.97,-0.22,2.31
1027,2017-10-27,7.17,7.19,7.22,7.0,118660,84691943.0,3.06,0.14,0.01,2.93
1028,2017-11-03,7.16,7.59,7.91,7.16,419539,317859114.0,10.43,5.56,0.4,10.37
1029,2017-11-10,7.55,7.42,7.77,7.36,169211,127284611.0,5.4,-2.24,-0.17,4.18
1030,2017-11-17,7.39,6.95,7.49,6.9,119235,86020611.0,7.95,-6.33,-0.47,2.95
1031,2017-11-24,6.95,6.19,6.95,6.12,133955,86708230.0,11.94,-10.94,-0.76,3.31
1032,2017-12-01,6.15,6.5,6.58,5.85,212508,131648884.0,11.79,5.01,0.31,5.25
1033,2017-12-08,6.48,6.4,6.64,6.14,113408,72332555.0,7.69,-1.54,-0.1,2.8
1034,2017-12-15,6.45,6.51,6.68,6.3,96052,61664101.0,5.94,1.72,0.11,2.37
1035,2017-12-22,6.49,6.71,6.78,6.41,133034,88146819.0,5.68,3.07,0.2,3.29
1036,2017-12-29,6.71,6.24,6.71,6.07,145915,92725200.0,9.54,-7.0,-0.47,3.61
1037,2018-01-05,6.16,6.33,6.41,6.15,76735,48563717.0,4.17,1.44,0.09,1.9
1038,2018-01-12,6.33,6.27,6.34,6.15,72326,45134738.0,3.0,-0.95,-0.06,1.79
1039,2018-01-19,6.25,5.94,6.27,5.92,111551,67330895.0,5.58,-5.26,-0.33,2.76
1040,2018-01-26,5.92,6.04,6.29,5.88,120762,73035046.0,6.9,1.68,0.1,2.98
1041,2018-02-02,6.04,5.56,6.1,5.21,136037,78093818.0,14.74,-7.95,-0.48,3.36
1042,2018-02-09,5.36,4.86,5.52,4.74,131128,66181747.0,14.03,-12.59,-0.7,3.24
1043,2018-02-14,4.86,5.04,5.06,4.86,36401,18128339.0,4.12,3.7,0.18,0.9
1044,2018-02-23,5.09,5.07,5.14,5.04,22500,11416411.0,1.98,0.6,0.03,0.56
1045,2018-03-02,5.07,5.23,5.25,5.0,83695,42984493.0,4.93,3.16,0.16,2.07
1046,2018-03-09,5.23,5.36,5.39,5.18,86330,45644693.0,4.02,2.49,0.13,2.13
1047,2018-03-16,5.39,5.57,5.68,5.33,140079,77394685.0,6.53,3.92,0.21,3.46
1048,2018-03-23,5.59,5.51,6.15,5.4,212144,123448634.0,13.46,-1.08,-0.06,5.24
1049,2018-03-30,5.43,5.78,5.94,5.1,109522,61617129.0,15.25,4.9,0.27,2.71
1050,2018-04-04,5.78,5.67,5.85,5.56,53500,30444672.0,5.02,-1.9,-0.11,1.32
1051,2018-04-13,5.5,5.66,5.88,5.37,124060,70098618.0,8.99,-0.18,-0.01,3.07
1052,2018-04-20,5.6,5.54,5.77,5.2,80982,45310942.0,10.07,-2.12,-0.12,2.0
1053,2018-04-27,5.6,5.22,5.64,5.2,66739,36442452.0,7.94,-5.78,-0.32,1.65
1054,2018-05-04,5.25,5.4,5.42,5.15,35042,18559677.0,5.17,3.45,0.18,0.87
1055,2018-05-11,5.4,5.33,5.49,5.33,54283,29390275.0,2.96,-1.3,-0.07,1.34
1056,2018-05-18,5.33,5.22,5.39,5.18,52980,27922859.0,3.94,-2.06,-0.11,1.31
1057,2018-05-25,5.29,5.58,5.7,5.2,218873,119323844.0,9.58,6.9,0.36,5.41
1058,2018-06-01,5.56,5.16,5.66,5.07,149158,79988177.0,10.57,-7.53,-0.42,3.69
1059,2018-06-08,5.18,5.08,5.21,4.85,138991,70086935.0,6.98,-1.55,-0.08,3.44
1060,2018-06-15,5.08,4.68,5.2,4.61,144020,71619260.0,11.61,-7.87,-0.4,3.56
1061,2018-06-22,4.68,4.06,4.68,3.96,155923,64801154.0,15.38,-13.25,-0.62,3.85
1062,2018-06-29,4.06,4.28,4.36,4.06,117654,49375798.0,7.39,5.42,0.22,2.91
1063,2018-07-06,4.3,4.38,4.45,4.21,92552,39993437.0,5.61,2.34,0.1,2.29
1064,2018-07-13,4.38,4.26,4.44,4.11,79808,34140087.0,7.53,-2.74,-0.12,1.97
1065,2018-07-20,4.26,4.23,4.34,4.16,61640,26181991.0,4.23,-0.7,-0.03,1.52
1066,2018-07-27,4.25,4.47,4.55,4.17,110299,48360252.0,8.98,5.67,0.24,2.73
1067,2018-08-03,4.49,4.29,4.6,4.24,108382,47692555.0,8.05,-4.03,-0.18,2.68
1068,2018-08-10,4.3,4.44,4.56,4.16,78865,34668401.0,9.32,3.5,0.15,1.95
1069,2018-08-17,4.41,4.26,4.45,4.24,46961,20455951.0,4.73,-4.05,-0.18,1.16
1070,2018-08-24,4.25,4.2,4.25,4.06,59776,24970174.0,4.46,-1.41,-0.06,1.48
1071,2018-08-31,4.22,4.2,4.29,4.15,44524,18854468.0,3.33,0.0,0.0,1.1
1072,2018-09-07,4.19,4.14,4.2,4.09,38379,15919862.0,2.62,-1.43,-0.06,0.95
1073,2018-09-14,4.14,4.25,4.26,4.05,51876,21572556.0,5.07,2.66,0.11,1.28
1074,2018-09-21,4.3,4.56,5.15,4.25,619269,295772249.0,21.18,7.29,0.31,15.31
1075,2018-09-28,4.52,4.45,4.55,4.39,155779,69420128.0,3.51,-2.41,-0.11,3.85
1076,2018-10-12,4.43,3.92,4.65,3.69,258042,111207273.0,21.57,-11.91,-0.53,6.38
1077,2018-10-19,3.83,3.76,3.98,3.53,98431,37493959.0,11.48,-4.08,-0.16,2.43
1078,2018-10-26,3.78,3.86,3.97,3.71,108139,41776907.0,6.91,2.66,0.1,2.67
1079,2018-11-02,3.85,3.95,4.02,3.75,103010,40365483.0,6.99,2.33,0.09,2.55
1080,2018-11-09,3.97,4.11,4.19,3.93,119882,48779387.0,6.58,4.05,0.16,2.96
1081,2018-11-16,4.13,4.31,4.65,4.13,353066,154681011.0,12.65,4.87,0.2,8.73
1082,2018-11-23,4.33,4.02,4.35,4.02,146288,61792341.0,7.66,-6.73,-0.29,3.62
1083,2018-11-30,4.0,4.01,4.18,3.95,87400,35590563.0,5.72,-0.25,-0.01,2.16
1084,2018-12-07,4.1,4.11,4.21,4.07,98453,40642644.0,3.49,2.49,0.1,2.43
1085,2018-12-14,4.11,3.99,4.16,3.98,77826,31768121.0,4.38,-2.92,-0.12,1.92
1086,2018-12-21,3.98,3.89,3.99,3.84,52190,20421721.0,3.76,-2.51,-0.1,1.29
1087,2018-12-28,3.83,3.81,3.94,3.7,54815,20877744.0,6.17,-2.06,-0.08,1.35
1088,2019-01-04,3.81,3.94,3.96,3.81,37072,14462669.0,3.94,3.41,0.13,0.92
1089,2019-01-11,3.98,4.03,4.06,3.93,73303,29317313.0,3.3,2.28,0.09,1.81
1090,2019-01-18,4.04,4.08,4.48,3.98,230219,96915048.0,12.41,1.24,0.05,5.69
1091,2019-01-25,4.06,4.06,4.38,4.01,145352,60367375.0,9.07,-0.49,-0.02,3.59
1092,2019-02-01,4.06,3.99,4.13,3.9,72272,28916860.0,5.67,-1.72,-0.07,1.79
1093,2019-02-15,3.99,4.22,4.23,3.99,76331,31647916.0,6.02,5.76,0.23,1.89
1094,2019-02-22,4.24,4.34,4.41,4.2,119682,51314169.0,4.98,2.84,0.12,2.96
1095,2019-03-01,4.33,4.83,4.84,4.31,278914,127812286.0,12.21,11.29,0.49,6.89
1096,2019-03-08,4.88,5.2,5.61,4.75,420602,214824545.0,17.81,7.66,0.37,10.4
1097,2019-03-15,5.24,5.47,5.98,4.79,356515,195696605.0,22.88,5.19,0.27,8.81
1098,2019-03-22,5.49,5.74,5.85,5.44,204693,115253681.0,7.5,4.94,0.27,5.06
1099,2019-03-29,5.83,5.49,5.83,5.29,198893,109208134.0,9.41,-4.36,-0.25,4.92
1100,2019-04-04,5.48,6.81,7.15,5.47,546644,354998291.0,30.6,24.04,1.32,13.51
1101,2019-04-12,6.72,6.39,6.9,6.12,387981,252503952.0,11.45,-6.17,-0.42,9.59
1102,2019-04-19,6.64,6.37,6.8,6.24,287067,185925119.0,8.76,-0.31,-0.02,7.1
1103,2019-04-26,6.39,5.81,6.4,5.7,166696,100963747.0,10.99,-8.79,-0.56,4.12
1104,2019-04-30,5.81,5.72,5.96,5.55,75205,43341848.0,7.06,-1.55,-0.09,1.86
1105,2019-05-10,5.65,5.79,6.05,5.15,387915,220964272.0,15.73,1.22,0.07,9.59
1106,2019-05-17,5.76,5.38,5.86,5.27,257670,143770040.0,10.19,-7.08,-0.41,6.37
1107,2019-05-24,5.44,5.03,5.46,4.95,175393,90712020.0,9.48,-6.51,-0.35,4.33
1108,2019-05-31,5.12,5.23,5.35,4.98,125305,65076043.0,7.36,3.98,0.2,3.1
1109,2019-06-06,5.23,5.08,5.65,4.93,140879,73455891.0,13.77,-2.87,-0.15,3.48
1110,2019-06-14,5.08,5.06,5.32,4.75,165622,83821084.0,11.22,-0.39,-0.02,4.09
1111,2019-06-21,5.1,5.73,5.73,5.03,283720,154596355.0,13.83,13.24,0.67,7.01
1112,2019-06-28,5.71,5.39,5.71,5.27,312416,169686013.0,7.68,-5.93,-0.34,7.72
1113,2019-07-05,5.47,5.38,5.98,5.34,344577,192012766.0,11.87,-0.19,-0.01,8.52
1114,2019-07-12,5.38,5.24,5.45,5.18,132433,70463096.0,5.02,-2.6,-0.14,3.27
1115,2019-07-19,5.18,5.17,5.35,5.1,93930,49170131.0,4.77,-1.34,-0.07,2.32
1116,2019-07-26,5.26,5.13,5.28,5.02,91343,47032568.0,5.03,-0.77,-0.04,2.26
1117,2019-08-02,5.08,5.02,5.32,4.94,192756,99235985.0,7.41,-2.14,-0.11,4.76
1118,2019-08-09,5.01,5.2,5.24,4.76,137410,69287837.0,9.56,3.59,0.18,3.4
1119,2019-08-16,5.17,4.88,5.17,4.63,149463,73616963.0,10.38,-6.15,-0.32,3.69
1120,2019-08-23,4.93,5.12,5.18,4.83,89750,45377940.0,7.17,4.92,0.24,2.22
1121,2019-08-30,5.0,5.05,5.12,4.95,72450,36582124.0,3.32,-1.37,-0.07,1.79
1122,2019-09-06,5.07,5.28,5.43,4.99,221406,117003094.0,8.71,4.55,0.23,5.47
1123,2019-09-12,5.3,5.46,5.65,5.26,181377,99285848.0,7.39,3.41,0.18,4.48
1124,2019-09-20,5.47,5.28,5.61,5.24,161245,86578278.0,6.78,-3.3,-0.18,3.99
1125,2019-09-27,5.28,5.19,5.31,4.93,146660,75370953.0,7.2,-1.7,-0.09,3.62
1126,2019-09-30,5.19,5.05,5.19,5.05,31200,15998193.0,2.7,-2.7,-0.14,0.77
1127,2019-10-11,5.05,5.1,5.13,4.96,67419,34195215.0,3.37,0.99,0.05,1.67
1128,2019-10-18,5.1,5.05,5.21,5.0,88903,45485194.0,4.12,-0.98,-0.05,2.2
1129,2019-10-25,5.07,4.95,5.08,4.87,69070,34390892.0,4.16,-1.98,-0.1,1.71
1130,2019-11-01,4.96,4.94,5.02,4.84,97788,48352068.0,3.64,-0.2,-0.01,2.42
1131,2019-11-08,4.91,4.85,5.01,4.84,80204,39485678.0,3.44,-1.82,-0.09,1.98
1132,2019-11-15,4.77,4.41,4.79,4.36,139776,63528803.0,8.87,-9.07,-0.44,3.45
1133,2019-11-22,4.4,4.39,4.51,4.36,66942,29674948.0,3.4,-0.45,-0.02,1.65
1134,2019-11-29,4.45,4.46,4.59,4.35,75440,33661114.0,5.47,1.59,0.07,1.86
1135,2019-12-06,4.43,4.6,4.62,4.35,69173,31145226.0,6.05,3.14,0.14,1.71
1136,2019-12-13,4.63,4.63,4.71,4.51,67389,30983428.0,4.35,0.65,0.03,1.67
1137,2019-12-20,4.66,4.81,4.88,4.64,89574,42879469.0,5.18,3.89,0.18,2.21
1138,2019-12-27,4.81,5.04,5.16,4.68,141719,69596445.0,9.98,4.78,0.23,3.5
1139,2020-01-03,4.95,4.65,5.0,4.59,214952,100860932.0,8.13,-7.74,-0.39,5.31
1140,2020-01-10,4.67,4.6,4.8,4.56,170651,79612767.0,5.16,-1.08,-0.05,4.22
1141,2020-01-17,4.69,4.46,4.76,4.46,167368,76748649.0,6.52,-3.04,-0.14,4.14
1142,2020-01-23,4.5,4.25,4.51,4.23,115669,50812401.0,6.28,-4.71,-0.21,2.86
1143,2020-02-07,3.83,3.99,4.05,3.7,223567,87949728.0,8.24,-6.12,-0.26,5.53
1144,2020-02-14,3.94,4.06,4.15,3.94,111699,45447412.0,5.26,1.75,0.07,2.76
1145,2020-02-21,4.06,4.28,4.37,4.06,145039,61591544.0,7.64,5.42,0.22,3.58
1146,2020-02-28,4.29,4.0,4.29,3.97,182871,75605067.0,7.48,-6.54,-0.28,4.52
1147,2020-03-06,4.02,4.31,4.35,4.01,214709,89194166.0,8.5,7.75,0.31,5.31
1148,2020-03-13,4.31,4.01,4.31,3.9,225168,92794261.0,9.51,-6.96,-0.3,5.57
1149,2020-03-20,4.07,3.93,4.08,3.77,149738,58497378.0,7.73,-2.0,-0.08,3.7
1150,2020-03-27,3.89,4.12,4.31,3.82,179809,72266422.0,12.47,4.83,0.19,4.44
1151,2020-04-03,4.09,4.45,5.18,4.07,1014142,466416298.0,26.94,8.01,0.33,25.07
1152,2020-04-10,4.41,4.27,4.56,4.25,255771,113436508.0,6.97,-4.04,-0.18,6.32
1153,2020-04-17,4.27,4.43,4.53,4.24,147702,64777135.0,6.79,3.75,0.16,3.65
1154,2020-04-24,4.44,4.27,4.63,4.27,185666,83532599.0,8.13,-3.61,-0.16,4.59
1155,2020-04-30,4.3,4.25,4.37,3.95,108333,44712861.0,9.84,-0.47,-0.02,2.68
1156,2020-05-08,4.24,4.21,4.28,4.18,65072,27450584.0,2.35,-0.94,-0.04,1.61
1157,2020-05-15,4.2,4.07,4.23,4.02,94744,38736709.0,4.99,-3.33,-0.14,2.34
1158,2020-05-22,4.11,3.93,4.12,3.91,87066,34997661.0,5.16,-3.44,-0.14,2.15
1159,2020-05-29,3.93,4.2,4.26,3.9,120115,49434737.0,9.16,6.87,0.27,2.97
1160,2020-06-05,4.2,4.18,4.24,4.11,114974,48008114.0,3.1,-0.48,-0.02,2.84
1161,2020-06-12,4.18,4.09,4.19,4.02,76291,31455201.0,4.07,-2.15,-0.09,1.89
1162,2020-06-19,4.09,4.13,4.14,4.07,78091,32071706.0,1.71,0.98,0.04,1.93
1163,2020-06-24,4.15,4.16,4.3,4.08,133137,55846633.0,5.33,0.73,0.03,3.29
1164,2020-07-03,4.13,4.38,4.47,4.13,227451,98342686.0,8.17,5.29,0.22,5.62
1165,2020-07-10,4.4,4.49,4.64,4.38,348358,156757374.0,5.94,2.51,0.11,8.61
1166,2020-07-17,4.49,4.37,4.68,4.34,235748,106871244.0,7.57,-2.67,-0.12,5.83
1167,2020-07-24,4.38,4.22,4.53,4.21,310561,136597578.0,7.32,-3.43,-0.15,7.68
1168,2020-07-31,4.29,4.33,4.35,4.18,167120,71746896.0,4.03,2.61,0.11,4.13
1169,2020-08-07,4.37,4.35,4.51,4.28,253210,111613556.0,5.31,0.46,0.02,6.26
1170,2020-08-14,4.34,4.45,4.47,4.22,241458,105835419.0,5.75,2.3,0.1,5.97
1171,2020-08-21,4.48,4.43,4.61,4.39,305884,136714764.0,4.94,-0.45,-0.02,7.56
1172,2020-08-28,4.44,4.4,4.5,4.27,195066,85319723.0,5.19,-0.68,-0.03,4.82
1173,2020-09-04,4.4,4.39,4.47,4.29,173747,76331743.0,4.09,-0.23,-0.01,4.29
1174,2020-09-11,4.39,4.32,4.61,4.28,365120,163409345.0,7.52,-1.59,-0.07,9.02
1175,2020-09-18,4.32,4.41,4.42,4.28,142232,61730981.0,3.24,2.08,0.09,3.52
1176,2020-09-25,4.43,4.21,4.44,4.2,120589,52310134.0,5.44,-4.54,-0.2,2.98
1177,2020-09-30,4.23,4.1,4.23,4.03,58717,24116464.0,4.75,-2.61,-0.11,1.45
1178,2020-10-09,4.1,4.19,4.19,4.09,28094,11718670.0,2.44,2.2,0.09,0.69
1179,2020-10-16,4.19,4.4,4.49,4.19,258364,111701278.0,7.16,5.01,0.21,6.39
1180,2020-10-23,4.32,4.13,4.35,4.09,209764,88056994.0,5.91,-6.14,-0.27,5.18
1181,2020-10-30,4.13,3.79,4.13,3.77,161780,64209897.0,8.72,-8.23,-0.34,4.0
1182,2020-11-06,3.79,3.89,3.92,3.77,131691,50587701.0,3.96,2.64,0.1,3.25
1183,2020-11-13,3.9,3.94,3.99,3.9,108197,42719925.0,2.31,1.29,0.05,2.67
1184,2020-11-20,3.95,4.01,4.05,3.94,96145,38346240.0,2.79,1.78,0.07,2.38
1185,2020-11-27,4.02,3.97,4.13,3.87,139147,56032765.0,6.48,-1.0,-0.04,3.44
1186,2020-12-04,3.98,3.96,4.05,3.92,120591,48015612.0,3.27,-0.25,-0.01,2.98
1187,2020-12-11,3.99,3.77,3.99,3.75,114990,44733080.0,6.06,-4.8,-0.19,2.84
1188,2020-12-18,3.75,3.9,4.08,3.62,231041,88349328.0,12.2,3.45,0.13,5.71
1189,2020-12-25,3.86,4.07,4.07,3.65,377960,145986330.0,10.77,4.36,0.17,9.34
1190,2020-12-31,4.2,3.95,4.29,3.92,548254,224473773.0,9.09,-2.95,-0.12,13.55
1191,2021-01-08,3.95,3.62,3.95,3.55,346716,131275973.0,10.13,-8.35,-0.33,8.57
1192,2021-01-15,3.65,3.35,3.65,3.24,200841,68217400.0,11.33,-7.46,-0.27,4.96
1193,2021-01-22,3.34,3.35,3.42,3.31,121193,40780119.0,3.28,0.0,0.0,3.0
1194,2021-01-29,3.35,3.03,3.35,2.99,232181,72475143.0,10.75,-9.55,-0.32,5.74
1195,2021-02-05,3.04,2.86,3.05,2.79,122984,35902648.0,8.58,-5.61,-0.17,3.04
1196,2021-02-10,2.85,2.9,2.9,2.78,53015,15029637.0,4.2,1.4,0.04,1.31
1197,2021-02-19,2.9,3.11,3.13,2.89,59933,18126656.0,8.28,7.24,0.21,1.48
1198,2021-02-26,3.11,3.13,3.25,3.1,128208,40540521.0,4.82,0.64,0.02,3.17
1199,2021-03-05,3.1,3.33,3.34,3.1,139153,45079844.0,7.67,6.39,0.2,3.44
1200,2021-03-12,3.35,3.39,3.41,3.17,167934,55532432.0,7.21,1.8,0.06,4.15
1201,2021-03-19,3.33,3.54,3.66,3.31,350381,121300248.0,10.32,4.42,0.15,8.66
1202,2021-03-26,3.51,3.64,3.89,3.48,768555,285388963.0,11.58,2.82,0.1,19.0
1203,2021-04-02,3.6,3.74,3.94,3.51,591020,219254020.0,11.81,2.75,0.1,14.61
1204,2021-04-09,3.74,3.59,4.07,3.59,660185,251492301.0,12.83,-4.01,-0.15,16.32
1205,2021-04-16,3.6,3.69,3.7,3.43,304965,109070144.0,7.52,2.79,0.1,7.54
1206,2021-04-23,3.68,3.48,3.74,3.44,166037,59704677.0,8.13,-5.69,-0.21,4.1
1207,2021-04-30,3.48,3.47,3.55,3.33,154393,53016883.0,6.32,-0.29,-0.01,3.82
1208,2021-05-07,3.45,3.45,3.51,3.41,62578,21648921.0,2.88,-0.58,-0.02,1.55
1209,2021-05-14,3.45,3.62,3.66,3.44,201379,72162971.0,6.38,4.93,0.17,4.98
1210,2021-05-21,3.61,3.71,3.71,3.4,232798,83070449.0,8.56,2.49,0.09,5.75
1211,2021-05-28,3.7,3.64,3.72,3.57,224439,81353430.0,4.04,-1.89,-0.07,5.55
1212,2021-06-04,3.65,3.63,3.75,3.59,187388,68767206.0,4.4,-0.27,-0.01,4.63
1213,2021-06-11,3.63,3.7,3.77,3.59,147863,54419197.0,4.96,1.93,0.07,3.65
1214,2021-06-18,3.7,3.57,3.71,3.52,87241,31367535.0,5.14,-3.51,-0.13,2.16
1215,2021-06-25,3.56,3.58,3.63,3.54,115413,41235620.0,2.52,0.28,0.01,2.85
1216,2021-07-02,3.59,3.49,3.67,3.47,115783,41206085.0,5.59,-2.51,-0.09,2.86
1217,2021-07-09,3.5,3.51,3.59,3.43,117662,41491763.0,4.58,0.57,0.02,2.91
1218,2021-07-16,3.54,3.4,3.56,3.39,134533,46955155.0,4.84,-3.13,-0.11,3.33
1219,2021-07-23,3.4,3.36,3.46,3.34,74535,25311699.0,3.53,-1.18,-0.04,1.84
1220,2021-07-30,3.38,3.26,3.38,3.14,88841,28819648.0,7.14,-2.98,-0.1,2.2
1221,2021-08-06,3.26,3.3,3.35,3.23,98095,32383125.0,3.68,1.23,0.04,2.42
1222,2021-08-13,3.26,3.44,3.47,3.26,121498,41227041.0,6.36,4.24,0.14,3.0
1223,2021-08-20,3.43,3.47,3.52,3.35,128059,44250613.0,4.94,0.87,0.03,3.17
1224,2021-08-27,3.48,3.56,3.63,3.46,158366,56624439.0,4.9,2.59,0.09,3.91
1225,2021-09-03,3.55,3.67,3.75,3.51,191033,68883031.0,6.74,3.09,0.11,4.72
1226,2021-09-10,3.69,3.83,3.98,3.65,251513,96518496.0,8.99,4.36,0.16,6.22
1227,2021-09-17,3.85,3.9,4.05,3.8,240473,94037747.0,6.53,1.83,0.07,5.94
1228,2021-09-24,3.83,3.97,4.1,3.83,320584,128807895.0,6.92,1.79,0.07,7.92
1229,2021-09-30,4.19,4.02,4.37,3.65,1184588,471726904.0,18.14,1.26,0.05,29.28
1230,2021-10-08,4.18,4.28,4.29,4.02,452694,187806050.0,6.72,6.47,0.26,11.19
1231,2021-10-15,4.2,3.87,4.52,3.8,1582841,662868016.0,16.82,-9.58,-0.41,39.12
1232,2021-10-22,3.86,3.9,4.39,3.82,1193040,489940671.0,14.73,0.78,0.03,29.49
1233,2021-10-29,3.87,3.61,4.29,3.48,1041653,408642626.0,20.77,-7.44,-0.29,25.75
1234,2021-11-05,3.61,3.68,3.75,3.36,547659,195062718.0,10.8,1.94,0.07,13.54
1235,2021-11-12,3.73,3.77,3.83,3.61,398387,149127229.0,5.98,2.45,0.09,9.85
1236,2021-11-19,3.77,4.05,4.09,3.77,405002,161375083.0,8.49,7.43,0.28,10.01
1237,2021-11-26,4.04,3.91,4.05,3.8,220745,86522595.0,6.17,-3.46,-0.14,5.46
1238,2021-12-03,3.83,3.82,3.94,3.78,205395,79446541.0,4.09,-2.3,-0.09,5.08
1239,2021-12-10,3.82,3.82,3.88,3.7,260209,98443866.0,4.71,0.0,0.0,6.43
1240,2021-12-17,3.85,4.14,4.22,3.78,838364,341393353.0,11.52,8.38,0.32,20.72
1241,2021-12-24,4.11,4.09,4.33,4.07,692211,289226778.0,6.28,-1.21,-0.05,17.11
1242,2021-12-31,4.0,4.12,4.26,4.0,382350,157577090.0,6.36,0.73,0.03,9.45
1243,2022-01-07,4.11,4.08,4.33,4.07,377809,158721890.0,6.31,-0.97,-0.04,9.34
1244,2022-01-14,4.1,4.02,4.45,4.01,438607,183968820.0,10.78,-1.47,-0.06,10.84
1245,2022-01-21,4.04,3.89,4.18,3.88,311881,125801943.0,7.46,-3.23,-0.13,7.71
1246,2022-01-28,3.77,3.65,3.79,3.55,244359,89684501.0,6.17,-6.17,-0.24,6.04
1247,2022-02-11,3.71,3.78,3.91,3.65,189814,72165359.0,7.12,3.56,0.13,4.69
1248,2022-02-18,3.76,3.83,3.91,3.72,176550,67083907.0,5.03,1.32,0.05,4.36
1249,2022-02-25,3.82,3.95,3.98,3.75,229482,88476199.0,6.01,3.13,0.12,5.67
1250,2022-03-04,3.96,4.06,4.13,3.85,296172,119376092.0,7.09,2.78,0.11,7.32
1251,2022-03-11,4.06,4.0,4.1,3.72,239392,94249884.0,9.36,-1.48,-0.06,5.92
1252,2022-03-18,4.0,3.96,4.0,3.62,332204,127086204.0,9.5,-1.0,-0.04,8.21
1253,2022-03-25,3.98,3.98,4.05,3.93,190166,75908011.0,3.03,0.51,0.02,4.7
1254,2022-04-01,3.99,4.04,4.24,3.94,344498,139977526.0,7.54,1.51,0.06,8.51
1255,2022-04-08,4.01,4.01,4.14,3.96,142694,58030463.0,4.46,-0.74,-0.03,3.53
1256,2022-04-14,4.02,4.18,4.21,3.83,242577,98731887.0,9.48,4.24,0.17,6.0
1257,2022-05-06,3.97,3.77,3.97,3.77,14698,5804866.0,4.78,-9.81,-0.41,0.36
1258,2022-05-13,3.58,3.7,3.75,3.47,846100,305122351.0,7.43,-1.86,-0.07,20.91
